Student Roll Number, Course ID 
AE15B001,MA2130
AE15B002,EE3301
AE15B003,MA2040
AE15B003,MS3610
AE15B005,MA2031
AE15B006,MA2031
AE15B006,AS5420
AE15B008,MA2031
AE15B009,MA2031
AE15B009,AS5420
AE15B010,MA2031
AE15B010,AS5420
AE15B011,MA2031
AE15B012,MA2031
AE15B012,AS5420
AE15B013,MA2031
AE15B014,MA2031
AE15B014,AS5420
AE15B015,MA2031
AE15B016,MA2031
AE15B019,MA2031
AE15B019,AS5420
AE15B020,MA2031
AE15B021,MA2031
AE15B022,MA2031
AE15B022,AS5420
AE15B023,MA2031
AE15B023,AS5420
AE15B026,MA2031
AE15B026,AS5420
AE15B029,MA2040
AE15B029,AS5420
AE15B030,MA2031
AE15B030,AS5420
AE15B031,MA2031
AE15B031,AS5420
AE15B032,MA2031
AE15B033,MA2031
AE15B033,AS5420
AE15B035,MA2031
AE15B035,AS5420
AE15B036,MA2031
AE15B036,AS5420
AE15B037,MA2040
AE15B037,AS5420
AE15B038,MA2040
AE15B039,MA2031
AE15B039,AS5420
AE15B040,MA2040
AE15B040,AS5420
AE15B042,MA2130
AE15B043,MA2040
AE15B043,AS5420
AE15B045,MA2031
AE15B045,AS5420
AE15B046,MA2040
AE15B050,MS3510#
AE15B051,MA2130
AE15B053,MA2031
AE15B053,AS5420
AE15B055,MA2031
AE15B056,MA2031
AE15B056,AS5420
AE15B058,MA2031
AE15B059,AS6340
AE15B059,MA2040
AE16B001,HS3002C
AE16B002,HS1090+
AE16B003,HS4210
AE16B004,HS4006
AE16B006,HS3002
AE16B007,HS3002B
AE16B008,HS2030
AE16B009,HS3002
AE16B010,HS1090+
AE16B014,HS5920
AE16B017,HS3002A
AE16B018,HS4002
AE16B019,HS3002A
AE16B020,HS3002
AE16B021,HS2030
AE16B022,HS3002
AE16B023,HS1090+
AE16B024,HS4002
AE16B026,HS2030
AE16B028,HS1090+
AE16B029,HS3002C
AE16B030,HS2030
AE16B031,HS4006
AE16B032,HS1090+
AE16B035,HS2030
AE16B036,HS3002B
AE16B037,HS2030
AE16B038,HS4002
AE16B040,HS3002
AE16B041,HS3002B
AE16B042,HS3002
AE16B043,HS2030
AE16B044,HS3002A
AE16B045,HS4006
AE16B102,HS3002B
AE16B104,HS4006
AE16B105,HS3060
AE16B106,HS2030
AE16B107,HS4002
AE16B108,HS4002
AE16B109,HS1090+
AE16B111,HS3002C
AE16B113,HS4002
AE16B115,HS1090+
BE15B004,BT3051
BE15B004,BT3032
BE15B004,EE3004
BE15B005,BT3072
BE15B006,BT3072
BE15B006,BT3032
BE15B006,BT3230
BE15B007,BT3072
BE15B007,BT3051
BE15B007,BT3032
BE15B008,BT3071
BE15B008,BT3051
BE15B009,BT3072
BE15B009,BT3032
BE15B009,BT3031
BE15B011,BT3071
BE15B011,BT3051
BE15B011,BT3031
BE15B012,BT3071
BE15B012,BT3051
BE15B013,HS3060
BE15B013,BT3051
BE15B013,BT3032
BE15B014,BT3072
BE15B014,BT3051
BE15B014,BT3230
BE15B015,BT3051
BE15B015,BT3031
BE15B017,BT3072
BE15B018,BT3071
BE15B018,BT3032
BE15B018,BT3230
BE15B019,BT3072
BE15B019,BT3051
BE15B019,BT3032
BE15B021,HS4571
BE15B021,BT3051
BE15B021,BT3031
BE15B022,BT3051
BE15B022,BT3032
BE15B022,BT3230
BE15B023,HS4002
BE15B023,BT3051
BE15B023,BT3032
BE15B025,BT3071
BE15B025,BT3051
BE15B025,BT3031
BE15B026,BT3051
BE15B026,BT3031
BE15B026,GN5001
BE15B027,BT3051
BE15B027,BT3032
BE15B027,BT3230
BE15B028,HS4571
BE15B028,BT3051
BE15B028,BT3032
BE15B029,BT3072
BE15B029,BT3051
BE15B029,BT3032
BE15B030,BT3051
BE15B030,BT3032
BE15B030,ED2012
BE15B032,HS4571
BE15B032,BT3051
BE15B032,BT3032
BE16B001,HS3002
BE16B001,MA2020
BE16B002,HS3002C
BE16B002,MA2020
BE16B003,HS3002A
BE16B003,MA2020
BE16B004,MA2031
BE16B004,BT2012
BE16B005,HS5920
BE16B005,MA2020
BE16B006,HS4002
BE16B006,MA2130
BE16B007,MA2020
BE16B008,HS3002
BE16B008,MA2020
BE16B009,HS2030
BE16B009,MA2020
BE16B010,HS3002A
BE16B010,MA2020
BE16B011,HS1090+
BE16B011,MA2020
BE16B014,HS3002C
BE16B014,MA2020
BE16B015,HS3002
BE16B015,MA2020
BE16B016,HS3002A
BE16B016,MA2020
BE16B017,HS3002A
BE16B017,MA2020
BE16B018,HS5920
BE16B018,MA2020
BE16B020,HS3002B
BE16B020,MA2020
BE16B021,MA2020
BE16B022,MA2020
BE16B023,HS4571
BE16B025,HS4002
BE16B025,MA2020
BE16B026,HS3002A
BE16B026,MA2020
BE16B029,HS3002C
BE16B029,MA2020
BE16B030,HS1090+
BE16B030,MA2020
BE16B031,MA2020
BE16B033,HS5920
BE16B033,MA2020
BE16B034,HS3002A
BE16B034,MA2020
BE16B035,MA2020
BE16B036,HS3002
BS15B001,BT3032
BS15B002,BT3051
BS15B002,BT3032
BS15B002,CH3170
BS15B005,BT3051
BS15B006,BT3051
BS15B006,BT3032
BS15B006,BT3230
BS15B007,EE1100
BS15B008,BT3051
BS15B008,BT3032
BS15B008,GN5001
BS15B010,BT3051
BS15B011,BT3051
BS15B011,EE1100
BS15B011,BT5012
BS15B012,BT3032
BS15B012,BT3230
BS15B013,BT3051
BS15B013,BT3032
BS15B013,BT3230
BS15B014,BT3032
BS15B014,GN5001
BS15B017,BT3051
BS15B017,BT3032
BS15B020,BT5012
BS15B020,GN5001
BS15B021,BT5012
BS15B021,GN5001
BS15B022,BT3051
BS15B022,BT3032
BS15B022,BT3230
BS15B023,BT3051
BS15B023,BT5012
BS15B023,GN5001
BS15B024,BT3051
BS15B024,BT3032
BS15B024,CS2700
BS15B025,BT3051
BS15B025,BT3031
BS15B025,GN5001
BS15B027,GN5001
BS15B028,BT3051
BS15B028,BT3032
BS15B028,BT3230
BS16B001,HS3002
BS16B003,HS5920
BS16B005,HS3002
BS16B006,HS5920
BS16B008,HS4002
BS16B013,HS4002
BS16B014,HS4006
BS16B015,HS5920
BS16B016,HS5920
BS16B018,HS4006
BS16B022,HS3002A
BS16B023,HS5920
BS16B024,HS5920
BS16B028,HS5920
BS16B029,HS3002B
BS16B030,HS3002
BS16B031,HS4006
BS16B032,HS3002
CE15B001,CE3310
CE15B002,CE3310
CE15B003,CE3310
CE15B004,CE3310
CE15B005,CE3310
CE15B006,MA2040
CE15B006,CE6016
CE15B007,CE3310
CE15B011,CE3310
CE15B012,CE3310
CE15B013,MS3610
CE15B015,CE3310
CE15B017,CE3310
CE15B018,CE3310
CE15B019,CE3310
CE15B021,HS3060
CE15B021,CS4011
CE15B022,CE3310
CE15B023,CE3310
CE15B026,CE3310
CE15B027,CE3310
CE15B028,CE3310
CE15B029,CE3310
CE15B031,CE3310
CE15B032,MS3510+
CE15B033,CE3310
CE15B035,CE3310
CE15B035,CS4011
CE15B037,BT3051
CE15B040,MA2040
CE15B042,BT3051
CE15B043,CE3310
CE15B044,CE3310
CE15B047,CH5350
CE15B048,CE3310
CE15B048,MS3510#
CE15B049,CE3310
CE15B050,CE3310
CE15B052,CE3310
CE15B053,CE3310
CE15B053,MS3510#
CE15B054,HS4002
CE15B055,CE3310
CE15B056,CE3310
CE15B057,CE3310
CE15B059,CE3310
CE15B060,CE3310
CE15B062,CE3310
CE15B063,HS4210
CE15B064,BT3051
CE15B065,CE3310
CE15B065,MA2040
CE15B066,CE3310
CE15B066,CE6010
CE15B067,MA2040
CE15B068,CE3310
CE15B069,CE3310
CE15B069,MS3610
CE15B070,CE3310
CE15B071,HS3060
CE15B072,CH5350
CE15B073,CE3310
CE15B074,CE3310
CE15B075,MA2040
CE15B076,MA2040
CE15B078,CE3310
CE15B079,BT3051
CE15B080,MA2040
CE15B080,CE2080
CE15B082,BT3051
CE15B084,CE3310
CE15B085,CE3310
CE15B086,CE3310
CE15B089,CH5350
CE15B091,MA2040
CE15B092,CE3310
CE15B092,MA2040
CE15B093,CE3310
CE15B094,MA2040
CE15B095,CE3310
CE15B100,CE3310
CE15B101,CE3310
CE15B103,HS4571
CE15B104,MA2040
CE15B105,CE3310
CE16B001,MA2020
CE16B002,MA2020
CE16B003,MA2020
CE16B005,MA2040
CE16B006,MA2020
CE16B007,MA2020
CE16B008,MA2020
CE16B009,MA2020
CE16B010,MA2040
CE16B011,MA2040
CE16B012,MA2040
CE16B013,MA2040
CE16B014,MA2020
CE16B016,MA2040
CE16B019,MA2040
CE16B020,MA2020
CE16B021,MA2040
CE16B022,MA2040
CE16B023,MA2020
CE16B025,MA2040
CE16B026,MA2020
CE16B027,MA2020
CE16B028,MA2040
CE16B030,MA2020
CE16B033,MA2020
CE16B034,MA2020
CE16B035,MA2020
CE16B036,MA2040
CE16B037,MA2020
CE16B038,MA2020
CE16B039,MA2031
CE16B039,BT2012
CE16B040,MA2020
CE16B041,MA2040
CE16B042,MA2020
CE16B044,MA2040
CE16B045,MA2020
CE16B046,MA2040
CE16B048,MA2020
CE16B049,MA2020
CE16B050,MA2020
CE16B051,MA2040
CE16B052,MA2020
CE16B053,MA2040
CE16B054,MA2040
CE16B055,MA2040
CE16B056,MA2020
CE16B057,MA2020
CE16B060,MA2040
CE16B062,MA2130
CE16B063,MA2020
CE16B064,MA2020
CE16B065,MA2020
CE16B101,MA2020
CE16B102,MA2020
CE16B103,MA2040
CE16B104,MA2040
CE16B105,MA2130
CE16B107,MA2020
CE16B108,MA2020
CE16B109,MA2040
CE16B110,MA2020
CE16B111,MA2040
CE16B112,MA2040
CE16B113,MA2040
CE16B114,MA2020
CE16B115,MA2020
CE16B116,MA2020
CE16B117,MA2040
CE16B118,MA2020
CE16B119,MA2020
CE16B120,MA2020
CE16B121,MA2020
CE16B124,MA2040
CE16B125,MA2040
CE16B126,MA2020
CE16B127,MA2040
CE16B128,MA2040
CE16B129,MA2040
CE16B130,MA2040
CE16B131,MA2020
CE16B133,MA2040
CE16B134,MA2040
CE16B135,MA2040
CE16B136,MA2020
CE16B137,MA2020
CH15B001,CH3150
CH15B001,CH3170
CH15B002,CH3150
CH15B002,BT2030
CH15B004,CH5011
CH15B004,MS3610
CH15B005,CH5017
CH15B006,CH5350
CH15B007,CH3150
CH15B008,CH5240
CH15B010,CH5120
CH15B010,EP2110
CH15B011,CH3150
CH15B012,CH5017
CH15B013,CH5240
CH15B013,CH5017
CH15B014,CH3150
CH15B016,CH5014
CH15B017,CH5011
CH15B017,CH3170
CH15B018,CH5011
CH15B018,CH5240
CH15B019,HS4571
CH15B021,HS4571
CH15B022,CH5240
CH15B024,CH3150
CH15B025,CH3150
CH15B025,EE3002
CH15B026,BT2030
CH15B027,CH3150
CH15B028,CH3150
CH15B028,BT3230
CH15B029,CS2700
CH15B030,CH5350
CH15B033,CS2700
CH15B034,CH5011
CH15B034,CH5370
CH15B035,CH3150
CH15B035,BT2030
CH15B036,CH3150
CH15B036,AS1020*
CH15B037,HS2030
CH15B038,CH5350
CH15B038,CH5120
CH15B039,CH5240
CH15B039,BT3230
CH15B040,CH5350
CH15B041,CH3150
CH15B042,BT3051
CH15B042,CS2700
CH15B043,CH5011
CH15B043,CH5240
CH15B044,CH3150
CH15B044,CH5120
CH15B047,CH5120
CH15B047,CS2300
CH15B048,CH3150
CH15B050,CH3170
CH15B051,CH3150
CH15B051,BT3031
CH15B052,CH5014
CH15B052,CH5370
CH15B053,CH5170
CH15B054,CH3150
CH15B054,BT3051
CH15B055,CH3150
CH15B055,CH5017
CH15B056,CH3150
CH15B056,CS2700
CH15B057,CH5240
CH15B058,CH5370
CH15B059,CH3150
CH15B059,MS3510#
CH15B060,CH5240
CH15B061,CH5370
CH15B061,BT2030
CH15B062,HS2030
CH15B062,CH5240
CH15B063,CH5240
CH15B065,CH3150
CH15B065,CH5170
CH15B066,CH5120
CH15B067,CH5350
CH15B069,CH3150
CH15B070,CH3150
CH15B071,CH5240
CH15B073,CH5170
CH15B074,CH4960
CH15B074,PH6022
CH15B075,CH3170
CH15B076,CH3150
CH15B076,BT2030
CH15B077,CH3150
CH15B077,BT2030
CH15B078,CH3150
CH15B078,MS3510#
CH15B078,CH5120
CH15B079,CH5240
CH15B081,CH5370
CH15B083,CH3150
CH15B083,MS3610
CH15B086,CH5240
CH15B087,MS3610
CH15B087,BT3051
CH15B088,CH5240
CH15B088,EE2025
CH15B093,CH3150
CH15B093,MS3610
CH15B093,CH5240
CH15B095,CH5170
CH15B095,CH5017
CH15B097,MS3610
CH16B001,MA2020
CH16B002,HS4350
CH16B003,HS3002B
CH16B003,MA2020
CH16B004,HS3002C
CH16B004,MA2020
CH16B005,HS5920
CH16B005,MA2020
CH16B007,HS3002B
CH16B007,MA2020
CH16B008,HS3002B
CH16B008,MA2020
CH16B009,HS3002A
CH16B009,MA2020
CH16B010,MA2040
CH16B011,MA2020
CH16B012,HS3002C
CH16B012,MA2031
CH16B013,HS3002C
CH16B014,HS3002
CH16B014,MA2020
CH16B015,MA2040
CH16B016,HS3002C
CH16B016,MA2020
CH16B017,HS3002C
CH16B017,MA2020
CH16B018,HS2030
CH16B018,MA2020
CH16B019,HS1090+
CH16B019,MA2020
CH16B020,HS3002B
CH16B020,MA2040
CH16B021,HS3002A
CH16B022,HS3002A
CH16B022,MA2020
CH16B023,HS1090+
CH16B023,MA2020
CH16B024,HS3002
CH16B024,MA2020
CH16B025,HS5920
CH16B025,MA2020
CH16B026,HS3002A
CH16B026,MA2040
CH16B027,MA2020
CH16B028,HS1090+
CH16B028,MA2040
CH16B029,HS3002
CH16B029,MA2020
CH16B030,HS3002A
CH16B030,MA2020
CH16B031,HS3002B
CH16B032,HS3002C
CH16B032,MA2020
CH16B033,HS3002
CH16B033,MA2020
CH16B034,HS3002
CH16B035,HS3002C
CH16B035,MA2020
CH16B037,HS3002C
CH16B037,MA2020
CH16B038,HS1090+
CH16B038,MA2020
CH16B039,HS3002B
CH16B039,MA2020
CH16B040,HS3002B
CH16B040,MA2020
CH16B041,MA2020
CH16B042,HS3002
CH16B042,MA2020
CH16B043,HS3002A
CH16B043,MA2040
CH16B045,HS3002
CH16B045,MA2040
CH16B046,HS3002B
CH16B046,MA2020
CH16B047,MA2020
CH16B049,HS3002
CH16B049,MA2020
CH16B050,HS2030
CH16B050,MA2031
CH16B051,HS3002
CH16B051,MA2020
CH16B052,HS4006
CH16B052,MA2020
CH16B053,MA2020
CH16B054,MA2020
CH16B055,MA2020
CH16B056,HS2030
CH16B056,MA2020
CH16B057,HS3002C
CH16B057,MA2020
CH16B058,HS3002A
CH16B058,MA2040
CH16B059,HS3002B
CH16B059,MA2040
CH16B060,HS3002A
CH16B060,MA2020
CH16B061,HS2030
CH16B061,MA2040
CH16B062,MA2040
CH16B063,HS3002A
CH16B063,MA2040
CH16B064,HS3002A
CH16B064,MA2020
CH16B065,HS3002
CH16B065,MA2040
CH16B066,MA2020
CH16B067,MA2020
CH16B069,HS1090+
CH16B069,MA2020
CH16B070,HS3002B
CH16B070,MA2020
CH16B072,HS3002C
CH16B072,MA2020
CH16B101,HS3002A
CH16B101,MA2020
CH16B102,MA2020
CH16B103,HS4006
CH16B103,MA2040
CH16B104,HS3002A
CH16B104,MA2020
CH16B105,HS5920
CH16B105,MA2020
CH16B106,HS3002C
CH16B106,MA2020
CH16B109,HS3002A
CH16B109,MA2020
CH16B110,MA2040
CH16B111,MA2020
CH16B112,HS4002
CH16B112,MA2020
CH16B113,HS3002A
CH16B113,MA2020
CH16B114,HS3002B
CH16B114,MA2040
CH16B115,HS3002B
CH16B115,MA2040
CH16B116,HS4350
CH16B116,MA2020
CH16B117,HS3002C
CH16B117,MA2040
CH16B118,HS3002
CH16B118,MA2020
CH16B119,HS1090+
CH16B119,MA2020
CS15B001,CS3700
CS15B001,CS6023
CS15B002,CS3700
CS15B002,MA2031
CS15B003,CS3700
CS15B003,MS3510#
CS15B004,CS3700
CS15B004,CS6014
CS15B005,CS3700
CS15B005,MA2031
CS15B006,CS3700
CS15B006,CS4011
CS15B007,CS3700
CS15B007,CS4011
CS15B009,CS3700
CS15B009,MA2031
CS15B010,CS3700
CS15B010,CS6023
CS15B011,CS3700
CS15B011,CS4011
CS15B012,CS3700
CS15B012,MA2031
CS15B013,CS3700
CS15B013,MA2031
CS15B014,CS3700
CS15B014,CS6014
CS15B015,CS3700
CS15B015,MA2031
CS15B016,CS3700
CS15B018,CS3700
CS15B020,CS3700
CS15B020,MA2031
CS15B021,CS3700
CS15B022,CS3700
CS15B023,CS3700
CS15B023,MA2010
CS15B024,CS3700
CS15B024,CS6014
CS15B025,CS3700
CS15B025,CS4011
CS15B027,CS3700
CS15B027,CS4011
CS15B029,CS3700
CS15B031,CS3700
CS15B031,MA2031
CS15B032,CS3700
CS15B032,CS6014
CS15B033,CS3700
CS15B034,CS3700
CS15B034,CS6014
CS15B035,CS3700
CS15B035,CS4011
CS15B036,CS3700
CS15B037,CS3700
CS15B037,MA2031
CS15B038,CS5820
CS15B038,MA2031
CS15B039,HS4571
CS15B039,CS4011
CS15B040,CS3700
CS15B041,CS3700
CS15B041,MA2031
CS15B042,CS3700
CS15B043,CS3700
CS15B044,CS3700
CS15B044,MS3610
CS15B046,CS3700
CS15B046,CS6023
CS15B047,CS3700
CS15B047,CS6023
CS15B048,CS3700
CS15B048,CS6023
CS15B049,CS3700
CS15B049,MA2031
CS15B050,CS3700
CS15B050,CS6023
CS15B052,CS3700
CS15B052,CS6023
CS15B053,CS3700
CS15B053,CS6014
CS15B054,CS3700
CS15B055,HS3060
CS15B056,CS3700
CS15B056,MA2031
CS15B057,CS3700
CS15B057,CS6014
CS15B058,CS3700
CS15B058,CS6014
CS15B059,CS3700
CS15B059,CS4011
CS15B060,CS3700
CS15B060,CS6014
CS15B061,CS3700
CS16B001,BT2012
CS16B002,HS3002
CS16B002,BT2012
CS16B003,BT2012
CS16B004,HS3002C
CS16B004,BT2012
CS16B005,HS3002B
CS16B005,BT2012
CS16B006,HS1090+
CS16B006,BT2012
CS16B007,BT2012
CS16B008,HS3002
CS16B008,BT2012
CS16B009,HS3002B
CS16B009,BT2012
CS16B010,HS3002C
CS16B010,BT2012
CS16B011,HS2030
CS16B011,MS3510#
CS16B012,HS3002C
CS16B012,EE3301
CS16B013,HS3002B
CS16B013,BT2012
CS16B015,HS5920
CS16B015,BT1022
CS16B016,HS3002A
CS16B016,BT2012
CS16B017,EP2102
CS16B018,HS5920
CS16B018,BT2012
CS16B019,HS3002A
CS16B019,BT3012
CS16B020,HS3002C
CS16B020,BT1022
CS16B021,HS3002C
CS16B021,BT2012
CS16B022,HS3002B
CS16B022,MS3610
CS16B023,HS5920
CS16B023,BT2012
CS16B024,HS4006
CS16B024,BT3051
CS16B025,HS3002C
CS16B025,CS6111
CS16B026,HS3002A
CS16B026,BT2012
CS16B027,HS3002B
CS16B027,BT3012
CS16B028,HS2030
CS16B028,BT2012
CS16B029,HS3002C
CS16B029,BT2012
CS16B030,HS3002B
CS16B030,BT2012
CS16B031,HS3002B
CS16B031,BT1022
CS16B032,HS3002A
CS16B032,BT2012
CS16B033,BT2012
CS16B034,BT2012
CS16B035,HS3002C
CS16B035,BT1022
CS16B036,HS3002A
CS16B036,BT1022
CS16B037,HS1090+
CS16B037,MS3610
CS16B038,HS3002B
CS16B038,CS6842
CS16B039,HS3002C
CS16B039,BT2012
CS16B040,HS3002C
CS16B040,BT3012
CS16B041,CS6842
CS16B042,HS3002B
CS16B042,BT2012
CS16B044,HS3002A
CS16B045,HS3002B
CS16B045,MS3510+
CS16B046,HS5920
CS16B101,HS1090+
CS16B101,BT2012
CS16B102,HS3002B
CS16B103,BT2012
CS16B104,HS3002B
CS16B105,BT1022
CS16B106,HS3002A
CS16B106,BT1022
CS16B107,HS3002B
CS16B107,MS3610
CS16B108,HS3002A
CS16B108,MS3510#
CS16B109,HS2030
CS16B110,HS3002A
CS16B110,BT2012
CS16B111,HS3002
CS16B111,MS3510#
CS16B112,HS3002
CS16B112,MS3510#
CS16B113,HS3002B
CS16B113,MS3610
CS16B114,HS3002A
CS16B115,HS3002B
CS16B115,EE3301
ED15B001,CH5120
ED15B003,ED3153
ED15B005,ED3153
ED15B006,CH5120
ED15B007,BT3051
ED15B009,ED5315
ED15B010,ED3153
ED15B011,ED3153
ED15B012,BT3051
ED15B013,ED3153
ED15B015,ED3153
ED15B016,ED3153
ED15B017,ED3153
ED15B018,ED3153
ED15B019,CH5120
ED15B020,BT3051
ED15B022,AS6050
ED15B023,BT3051
ED15B024,BT3051
ED15B025,BT3072
ED15B025,GN5001
ED15B026,ED5315
ED15B030,ED3153
ED15B031,ED3153
ED15B032,ED5315
ED15B036,ED5315
ED15B037,ED3153
ED15B039,ED3153
ED15B041,BT3051
ED15B042,CH5120
ED15B044,ED3153
ED15B046,ED5016
ED15B047,BT3051
ED15B048,ED3153
ED15B051,ED3153
ED15B052,ED3153
ED15B055,ED3153
ED15B056,ED3153
ED16B001,ED2130
ED16B002,ED2130
ED16B003,ED2130
ED16B004,ED2130
ED16B005,ED2130
ED16B006,ED2130
ED16B007,ED2130
ED16B009,ED2130
ED16B010,ED2130
ED16B011,ED2130
ED16B012,ED2130
ED16B013,ED2130
ED16B014,ED2130
ED16B015,ED2130
ED16B016,ED2130
ED16B017,ED2130
ED16B018,ED2130
ED16B019,ED2130
ED16B020,ED2130
ED16B021,ED2130
ED16B023,ED2130
ED16B024,ED2130
ED16B025,ED2130
ED16B026,ED2130
ED16B028,ED2130
ED16B029,ED2130
ED16B030,ED2130
ED16B031,ED2130
ED16B032,ED2130
ED16B033,ED2130
ED16B034,ED2130
ED16B035,ED2130
ED16B036,ED2130
ED16B037,ED2130
ED16B038,ED2130
ED16B039,ED2130
ED16B040,ED2130
ED16B044,ED2130
ED16B045,ED2130
ED16B046,ED2130
ED16B049,ED2130
ED16B050,ED2130
ED16B052,ED2130
ED16B054,ED2130
ED16B056,ED2130
ED16B057,ED2130
ED16B058,ED2130
EE15B001,EE3005
EE15B001,EE2003
EE15B002,MA2040
EE15B002,EE3005
EE15B003,MA2040
EE15B003,EE3005
EE15B004,CS4011
EE15B004,EE3005
EE15B004,EE2003
EE15B005,MA2010
EE15B005,EE3005
EE15B006,MA2040
EE15B006,EE3002
EE15B007,CS4011
EE15B007,EE3005
EE15B007,EE2003
EE15B008,MA2010
EE15B008,EE3002
EE15B009,MA2130
EE15B009,EE3005
EE15B010,MA2010
EE15B010,EE3005
EE15B011,MA2031
EE15B011,EE3005
EE15B012,EE3313
EE15B012,EE3002
EE15B014,MA2010
EE15B014,EE3005
EE15B014,EE2003
EE15B015,MA2010
EE15B015,EE3005
EE15B016,MA2010
EE15B016,EE3005
EE15B017,MA2130
EE15B017,EE3002
EE15B018,MA2040
EE15B018,EE3005
EE15B019,MA2130
EE15B019,EE3005
EE15B019,EE2003
EE15B020,MA2040
EE15B020,EE3002
EE15B021,MA2010
EE15B021,EE3005
EE15B022,EE3005
EE15B024,MA2040
EE15B024,EE3005
EE15B025,MA2040
EE15B025,CS4011
EE15B025,EE3005
EE15B026,MA2040
EE15B026,EE3005
EE15B027,MA2040
EE15B027,EE3005
EE15B028,EE3005
EE15B028,EE2003
EE15B029,EE3002
EE15B029,EE3005
EE15B030,MA2040
EE15B030,EE3005
EE15B031,EE3005
EE15B031,EE2003
EE15B032,MA2031
EE15B032,EE3002
EE15B033,MA2010
EE15B033,EE3002
EE15B034,MA2031
EE15B034,EE3002
EE15B035,MA2040
EE15B035,EE3002
EE15B036,MA2010
EE15B036,EE3005
EE15B037,EE3002
EE15B037,EE3005
EE15B038,EE3002
EE15B039,EE3002
EE15B039,EE3005
EE15B040,EE3002
EE15B040,EE3005
EE15B041,MA2040
EE15B041,EE3005
EE15B042,EE3002
EE15B042,EE3005
EE15B043,EE3002
EE15B043,EE3005
EE15B044,EE3002
EE15B044,EE3005
EE15B045,EE3005
EE15B045,EE2003
EE15B046,MA2130
EE15B046,EE3005
EE15B047,MA2040
EE15B047,EE3002
EE15B048,EE3002
EE15B048,EE2003
EE15B049,MA2040
EE15B049,EE3002
EE15B050,EE3002
EE15B050,EE3005
EE15B051,MA2040
EE15B051,EE3005
EE15B052,CS6023
EE15B052,CS4011
EE15B052,EE3005
EE15B053,EE3002
EE15B053,EE3005
EE15B054,MA2040
EE15B054,EE3002
EE15B055,MA2040
EE15B055,EE3002
EE15B056,MA2040
EE15B056,EE3005
EE15B057,EE3313
EE15B057,EE3002
EE15B058,MA2040
EE15B058,EE3002
EE15B059,MA2040
EE15B059,EE3005
EE15B060,EE3002
EE15B060,EE2003
EE15B062,MA2040
EE15B062,EE3005
EE15B063,EE3005
EE15B064,EE3002
EE15B065,CS4011
EE15B065,EE3002
EE15B065,EE3005
EE15B066,EE3002
EE15B067,MA2040
EE15B067,EE3002
EE15B068,CS6023
EE15B068,EE3002
EE15B069,CS4011
EE15B069,EE3005
EE15B069,EE2003
EE15B070,EE3313
EE15B070,EE3002
EE15B071,MA2040
EE15B071,EE3005
EE15B072,EE3002
EE15B072,EE3005
EE15B074,MA2031
EE15B074,EE3005
EE15B075,EE3005
EE15B075,EE2003
EE15B076,MA2040
EE15B076,EE3005
EE15B077,MA2130
EE15B077,EE3002
EE15B078,MA2040
EE15B078,MS3510+
EE15B078,EE3002
EE15B079,MA2040
EE15B079,EE3005
EE15B080,MA2040
EE15B080,EE3005
EE15B081,EE3005
EE15B081,EE2003
EE15B082,MA2040
EE15B082,CS4011
EE15B082,EE3005
EE15B083,EE3313
EE15B083,EE3005
EE15B084,MA2010
EE15B084,EE3003
EE15B085,MA2031
EE15B085,EE3005
EE15B086,MA2031
EE15B086,MS3510#
EE15B086,EE3005
EE15B087,MA2040
EE15B087,EE3005
EE15B088,MA2031
EE15B088,CS4011
EE15B088,EE3005
EE15B089,MA2031
EE15B089,EE3005
EE15B090,EE3005
EE15B090,EE2003
EE15B092,CS6023
EE15B092,EE3002
EE15B093,MA2040
EE15B093,EE3005
EE15B094,EE3002
EE15B094,EE3005
EE15B095,CS4011
EE15B095,EE3005
EE15B095,EE2003
EE15B096,EE3002
EE15B096,EE3005
EE15B097,MA2040
EE15B097,EE3005
EE15B098,MA2031
EE15B098,EE3003
EE15B099,EE3005
EE15B099,EE2003
EE15B100,MA2031
EE15B100,EE3005
EE15B101,EE3005
EE15B101,EE2003
EE15B102,MA2031
EE15B102,EE3005
EE15B104,EE2003
EE15B105,CS6023
EE15B105,CS4011
EE15B105,EE3005
EE15B106,MA2130
EE15B106,EE3005
EE15B107,MA2040
EE15B107,MS3510#
EE15B107,EE3002
EE15B108,CS6023
EE15B109,MA2040
EE15B109,CS4011
EE15B109,EE3005
EE15B110,MA2031
EE15B110,EE3003
EE15B111,EE3003
EE15B112,EE3003
EE15B113,MA2031
EE15B113,EE3002
EE15B114,MA2031
EE15B114,EE3005
EE15B115,EE3005
EE15B115,EE2003
EE15B116,MS3510#
EE15B116,EE3002
EE15B116,EE3005
EE15B117,MA2031
EE15B117,MS3510#
EE15B117,EE3005
EE15B119,EE3313
EE15B119,EE3005
EE15B120,MA2040
EE15B120,EE3005
EE15B122,EE3002
EE15B122,EE3005
EE15B123,MA2040
EE15B123,CS4011
EE15B123,BT3051
EE15B124,CS4011
EE15B124,EE3002
EE15B124,EE3005
EE15B125,CS6023
EE15B125,CS4011
EE15B126,EE3002
EE15B126,EE3005
EE15B127,EE3005
EE15B127,EE2003
EE15B128,EE3002
EE15B128,EE2003
EE15B129,MA2130
EE15B129,CS4011
EE15B129,EE3005
EE15B130,MA2040
EE15B130,EE3005
EE15B131,MA2040
EE15B131,EE3005
EE15B132,EE3313
EE15B132,EE3002
EE15B133,MA2040
EE15B133,EE3002
EE15B134,MA2040
EE15B134,EE3002
EE16B001,HS5920
EE16B001,MA2031
EE16B002,HS3002C
EE16B004,MA2031
EE16B005,HS2030
EE16B005,MA2010
EE16B007,HS4006
EE16B007,MA2031
EE16B008,HS3002B
EE16B008,MA2031
EE16B009,HS3002A
EE16B009,MA2031
EE16B010,HS3002
EE16B012,HS4350
EE16B012,MA2031
EE16B013,HS4006
EE16B013,MA2031
EE16B014,HS4350
EE16B015,HS3002C
EE16B015,MA2031
EE16B016,HS4210
EE16B016,MA2031
EE16B017,HS2030
EE16B017,MA2031
EE16B018,HS5920
EE16B018,MA2031
EE16B019,HS5920
EE16B019,MA2031
EE16B020,HS3002
EE16B020,MA2031
EE16B020,EE3301
EE16B021,HS5920
EE16B021,MA2031
EE16B022,HS5920
EE16B022,MA2031
EE16B023,HS3002B
EE16B023,MA2010
EE16B024,HS5920
EE16B024,MA2010
EE16B025,HS1090+
EE16B025,MA2031
EE16B026,MA2031
EE16B027,MA2031
EE16B028,HS5920
EE16B028,MA2040
EE16B029,MA2040
EE16B030,HS2030
EE16B030,MA2130
EE16B031,HS2030
EE16B031,MA2040
EE16B032,HS3002C
EE16B032,MA2031
EE16B032,EE3301
EE16B033,HS4006
EE16B033,MA2010
EE16B034,HS3002C
EE16B034,MA2031
EE16B035,HS4006
EE16B035,MA2031
EE16B036,MA2040
EE16B037,HS1090+
EE16B037,MA2031
EE16B038,HS4571
EE16B038,MA2031
EE16B039,EE3301
EE16B040,HS3002C
EE16B040,MA2031
EE16B041,MA2031
EE16B043,HS5920
EE16B043,MA2040
EE16B044,HS3002B
EE16B045,HS5920
EE16B045,MA2031
EE16B046,MA2040
EE16B047,HS3002C
EE16B047,MA2010
EE16B048,HS4210
EE16B048,MA2031
EE16B049,HS3002B
EE16B049,MA2010
EE16B050,MA2031
EE16B050,BT2012
EE16B051,MA2010
EE16B052,HS5920
EE16B052,MA2031
EE16B053,HS3002
EE16B053,MA2040
EE16B054,HS3060
EE16B054,MA2031
EE16B055,HS3002
EE16B055,MA2010
EE16B056,HS4350
EE16B057,HS2030
EE16B057,MA2010
EE16B058,HS4006
EE16B058,MA2040
EE16B059,HS4210
EE16B059,MA2010
EE16B060,HS4002
EE16B060,MA2130
EE16B061,HS2030
EE16B062,HS3060
EE16B062,MA2031
EE16B063,HS3002A
EE16B064,HS4006
EE16B064,MA2031
EE16B065,HS4006
EE16B065,MS3510#
EE16B066,HS3002
EE16B066,MA2031
EE16B067,HS3002A
EE16B067,MA2130
EE16B068,HS4350
EE16B068,MA2040
EE16B069,HS2030
EE16B069,MA2031
EE16B070,HS3002
EE16B070,MA2010
EE16B071,HS3002A
EE16B071,MA2010
EE16B071,EE3301
EE16B073,MA2031
EE16B101,HS4006
EE16B102,MA2031
EE16B103,HS3002B
EE16B104,HS2030
EE16B104,MA2031
EE16B105,HS3002C
EE16B105,MA2031
EE16B106,HS1090+
EE16B106,MA2040
EE16B107,HS4006
EE16B107,MA2031
EE16B108,HS1090+
EE16B108,MA2010
EE16B108,EE3301
EE16B109,HS3002
EE16B109,MA2031
EE16B111,HS4006
EE16B111,MA2130
EE16B112,HS5920
EE16B112,MA2040
EE16B113,MA2031
EE16B114,HS4006
EE16B114,MA2031
EE16B115,HS4006
EE16B115,MA2031
EE16B116,HS4350
EE16B116,MA2130
EE16B117,HS4006
EE16B117,MA2031
EE16B118,HS4571
EE16B118,MA2031
EE16B120,HS5920
EE16B121,MA2031
EE16B121,MS3610
EE16B122,HS5920
EE16B122,MA2040
EE16B123,HS4006
EE16B123,MA2040
EE16B124,HS3002B
EE16B124,MA2130
EE16B125,HS1090+
EE16B125,MA2031
EE16B126,HS3002A
EE16B126,MA2031
EE16B127,HS1090+
EE16B127,MA2031
EE16B128,HS4006
EE16B128,MA2040
EE16B129,MA2031
EE16B130,HS4210
EE16B130,MA2010
EE16B131,HS3002
EE16B131,MA2040
EE16B132,HS4006
EE16B132,MA2031
EE16B133,MA2031
EE16B134,HS5920
EE16B134,MA2031
EE16B135,HS4571
EE16B135,MA2031
EE16B136,HS4006
EE16B136,MA2031
EE16B137,MA2031
EE16B138,HS3002A
EE16B138,MA2031
EE16B139,HS5920
EE16B139,MA2031
EE16B140,HS4350
EE16B140,MA2031
EE16B141,MA2031
EE16B142,HS2030
EE16B142,MA2031
EE16B143,HS3002C
EE16B144,HS4006
EE16B144,MA2031
EE16B147,HS2030
EE16B147,MA2040
EE16B148,HS4210
EE16B150,HS5920
EE16B150,MA2031
EE16B151,HS3002C
EE16B151,MA2031
EE16B152,HS3002
EE16B152,MA2031
EE16B153,HS1090+
EE16B153,MA2031
EE16B154,HS3002A
EE16B154,MA2031
EE16B156,HS3002B
EE16B157,HS3002B
EE16B158,HS3002C
EE16B158,MA2031
EE16B159,HS4571
EE16B159,MA2031
EE16B160,HS4002
EE16B160,MA2031
EP15B001,BT3051
EP15B001,GN5001
EP15B002,HS4571
EP15B002,EE3004
EP15B003,HS3002
EP15B003,EE3002
EP15B003,EE3004
EP15B004,HS4002
EP15B004,CS2700
EP15B004,GN5001
EP15B005,HS3002B
EP15B005,PH5110
EP15B005,GN5001
EP15B006,MS3510#
EP15B007,HS1090+
EP15B008,HS4006
EP15B008,MS3610
EP15B008,PH6022
EP15B008,GN5001
EP15B009,HS4350
EP15B009,PH5110
EP15B010,HS1090+
EP15B010,ID6030
EP15B010,BT3051
EP15B011,CS6100
EP15B011,PH2170
EP15B012,HS1090+
EP15B012,CS4011
EP15B012,EE2003
EP15B013,HS2030
EP15B013,PH2170
EP15B013,GN5001
EP15B014,HS2030
EP15B015,HS4002
EP15B015,PH5110
EP15B015,EE2003
EP15B016,HS4006
EP15B016,PH6022
EP15B016,CS2300
EP15B016,GN5001
EP15B017,HS2030
EP15B017,EE3004
EP15B018,HS1090+
EP15B018,MS3610
EP15B018,PH6022
EP15B018,GN5001
EP15B019,HS4571
EP15B019,ID6030
EP15B019,BT3051
EP15B020,HS4571
EP15B020,ID6030
EP15B020,PH5110
EP15B020,GN5001
EP15B021,HS4350
EP15B021,MM5700
EP15B023,HS1090+
EP15B023,PH5110
EP15B024,MS3610
EP15B024,PH2170
EP15B025,HS4002
EP15B025,EE2003
EP15B025,EE3004
EP15B026,HS4350
EP15B026,EE3004
EP15B028,HS4002
EP15B028,MS3610
EP15B028,PH6022
EP15B030,HS4571
EP15B030,EE3301
EP15B030,PH5110
EP15B030,GN5001
EP15B031,HS3002
EP15B031,ID6030
EP15B031,EE3004
EP16B001,MA2010
EP16B002,HS3002
EP16B002,MA2010
EP16B003,HS1090+
EP16B003,MA2010
EP16B004,HS4002
EP16B004,MA2031
EP16B005,MA2040
EP16B006,HS4210
EP16B006,MA2020
EP16B007,HS5920
EP16B007,MA2020
EP16B008,HS4002
EP16B008,MA2010
EP16B009,HS3002
EP16B009,MA2031
EP16B010,MA2040
EP16B011,HS3002A
EP16B011,MA2010
EP16B012,HS3002B
EP16B012,MA2040
EP16B013,HS3002
EP16B013,MA2010
EP16B014,MA2031
EP16B016,HS4002
EP16B016,MA2040
EP16B017,HS3002B
EP16B017,MA2040
EP16B018,HS3002C
EP16B018,MA2040
EP16B020,HS2030
EP16B020,MA2010
EP16B021,MA2040
EP16B022,HS1090+
EP16B022,MA2020
EP16B023,MA2031
EP16B024,HS3002B
EP16B024,MA2010
EP16B025,HS3002A
EP16B025,MA2031
EP16B026,HS4006
EP16B026,MA2010
EP16B027,HS1090+
EP16B027,MA2020
EP16B028,HS3002C
EP16B028,MA2031
EP16B029,HS1090+
EP16B029,MA2040
EP16B030,MA2040
ME15B001,CH4960
ME15B002,ED5053
ME15B003,MS3510#
ME15B004,MS3510+
ME15B005,MS3510#
ME15B006,CH4960
ME15B007,MS3510#
ME15B009,MS3510#
ME15B011,MS3510#
ME15B012,MS3610
ME15B013,PH2170
ME15B014,PH2170
ME15B015,ED5053
ME15B016,PH2170
ME15B017,MS3510#
ME15B018,MS3610
ME15B019,PH2170
ME15B020,MS3610
ME15B021,EE3301
ME15B022,CH5170
ME15B024,MS3510+
ME15B025,CH5170
ME15B026,CH5170
ME15B032,MS3610
ME15B033,PH2170
ME15B034,CH5170
ME15B035,PH6022
ME15B036,CH5170
ME15B037,CH5120
ME15B038,ED5053
ME15B039,MS3610
ME15B040,ME3310
ME15B041,MS3510#
ME15B043,MS3510#
ME15B044,CH5120
ME15B045,ED5053
ME15B046,CH5120
ME15B047,MS3510#
ME15B048,ED5053
ME15B051,MS3610
ME15B052,MS3610
ME15B053,PH2170
ME15B054,MS3610
ME15B055,MS3510#
ME15B056,ID6030
ME15B057,CH5120
ME15B058,MS3610
ME15B059,PH6022
ME15B060,MS3510+
ME15B061,MS3610
ME15B063,MS3510+
ME15B064,MS3610
ME15B065,MS3510#
ME15B066,MS3510#
ME15B067,MS3610
ME15B068,MS3610
ME15B070,EE3301
ME15B071,MS3610
ME15B072,MS3510#
ME15B073,CS2700
ME15B074,CS2700
ME15B076,MS3510+
ME15B077,PH2170
ME15B079,CH5120
ME15B080,MS3610
ME15B081,MS3610
ME15B082,MS3610
ME15B083,MS3610
ME15B084,MS3510#
ME15B086,CH5170
ME15B087,CS2700
ME15B088,MS3610
ME15B089,MS3510#
ME15B090,MS3610
ME15B092,PH2170
ME15B094,MS3510+
ME15B095,MS3510#
ME15B096,BT2012
ME15B098,PH2170
ME15B099,MS3610
ME15B100,MS3610
ME15B101,ID6030
ME15B104,MS3510#
ME15B106,PH6022
ME15B107,PH6022
ME15B108,EE3301
ME15B109,MS3610
ME15B110,EE3301
ME15B111,MS3610
ME15B112,MS3510#
ME15B113,EE3301
ME15B115,MS3510#
ME15B118,MS3610
ME15B119,ID6030
ME15B120,MS3610
ME15B123,MS3610
ME15B124,MS3610
ME15B125,EE3301
ME15B126,EE3301
ME15B128,MS3610
ME15B129,CS2700
ME15B133,MS3510+
ME15B134,MS3510#
ME15B136,EE3301
ME15B137,EE3301
ME15B140,ID6030
ME15B141,MS3510+
ME15B142,GN5001
ME15B144,MS3510#
ME15B145,MS3510#
ME15B147,MS3510#
ME15B149,MS3510+
ME15B150,MS3510+
ME15B151,CH5170
ME15B154,MS3510#
ME15B155,MM5040
ME15B156,MS3510#
ME15B158,CH5170
ME15B161,MS3510#
ME15B163,MS3510#
ME15B164,MS3610
ME15B165,MS3510#
ME15B166,MS3510#
ME15B167,MS3510#
ME16B142,AS2100
MM15B002,HS2030
MM15B002,MM5003
MM15B004,HS4005
MM15B004,PH2170
MM15B006,HS4005
MM15B006,MS3510+
MM15B009,MS3510#
MM15B010,HS2030
MM15B011,HS4005
MM15B011,MS3610
MM15B012,HS4350
MM15B012,MS3610
MM15B013,CS4011
MM15B013,MM3012
MM15B014,HS2030
MM15B014,MM3012
MM15B015,MM3012
MM15B016,HS2030
MM15B016,MS3610
MM15B018,MS5100
MM15B018,PH2170
MM15B019,HS4006
MM15B020,HS2030
MM15B020,MM5040
MM15B021,HS2030
MM15B021,MM3012
MM15B022,HS4571
MM15B022,MM5003
MM15B023,HS4005
MM15B023,PH2170
MM15B024,HS1090+
MM15B024,ID6021
MM15B025,HS2030
MM15B029,HS3002C
MM15B029,MS3510#
MM15B030,MM5003
MM15B030,EE3004
MM15B031,MS3610
MM15B032,HS4006
MM15B032,MM3012
MM15B034,HS4571
MM15B034,CH5170
MM15B035,MS3610
MM15B036,HS4350
MM15B036,MM3012
MM15B039,MS3510#
MM15B040,CH5170
MM15B041,HS5920
MM15B041,MM3012
MM15B043,HS4350
MM15B043,MM3012
MM15B044,CH5350
MM15B044,MM3012
MM15B046,HS4571
MM15B046,MM3012
MM15B048,MM3012
MM16B001,HS5920
MM16B001,MA2020
MM16B002,HS5920
MM16B002,MA2020
MM16B004,MA2020
MM16B005,HS5920
MM16B007,HS4006
MM16B007,MA2020
MM16B008,HS3002C
MM16B008,MA2020
MM16B009,HS3002A
MM16B009,MA2020
MM16B012,HS4006
MM16B012,MA2020
MM16B013,HS3002
MM16B013,MA2020
MM16B014,HS3002
MM16B014,MA2020
MM16B016,HS5920
MM16B016,MA2020
MM16B017,HS3002C
MM16B017,MA2020
MM16B018,HS3002
MM16B018,MA2020
MM16B019,HS1090+
MM16B019,MA2020
MM16B020,HS4006
MM16B020,MA2020
MM16B021,HS3002A
MM16B021,MA2020
MM16B022,HS5920
MM16B022,MA2020
MM16B023,HS3002A
MM16B023,MA2020
MM16B024,HS5920
MM16B024,MA2020
MM16B025,HS3002B
MM16B025,MA2020
MM16B026,HS5920
MM16B026,MA2020
MM16B027,HS3002B
MM16B027,MA2020
MM16B028,HS1090+
MM16B028,MA2020
MM16B029,HS1090+
MM16B029,MA2020
MM16B030,HS5920
MM16B030,MA2020
MM16B031,HS3060
MM16B031,MA2020
MM16B033,HS3002C
MM16B033,MA2020
MM16B034,HS5920
MM16B034,MA2020
MM16B035,HS5920
MM16B102,HS3002B
MM16B103,HS3002C
MM16B103,MA2020
MM16B104,HS3002B
MM16B104,MA2020
MM16B105,HS3002
MM16B105,MA2020
MM16B108,HS4002
MM16B108,MA2020
MM16B109,HS3002C
MM16B109,MA2020
MM16B112,HS3002B
MM16B112,MA2020
NA15B001,CH5350
NA15B001,OE3190
NA15B002,CH5350
NA15B002,OE3190
NA15B003,CH5350
NA15B003,OE3190
NA15B004,CE3310
NA15B004,OE3190
NA15B005,OE3190
NA15B006,OE3190
NA15B007,OE3190
NA15B008,OE3190
NA15B010,OE3190
NA15B011,ED5315
NA15B012,OE3190
NA15B012,AS5420
NA15B013,OE3190
NA15B013,AS5420
NA15B014,CH3150
NA15B014,OE3190
NA15B016,CH3150
NA15B016,OE3190
NA15B017,CH3150
NA15B017,OE3190
NA15B018,OE3190
NA15B018,AS5420
NA15B019,OE3190
NA15B020,MS3610
NA15B021,OE3190
NA15B021,AS5420
NA15B022,CE3310
NA15B022,OE3190
NA15B023,CE3310
NA15B023,OE3190
NA15B024,HS2030
NA15B024,OE3190
NA15B025,MS3610
NA15B028,OE3190
NA15B028,AS5420
NA15B029,CH5350
NA15B029,OE3190
NA15B030,OE3190
NA15B031,OE3190
NA15B032,OE3190
NA15B032,AS5420
NA15B033,CE3310
NA15B033,OE3190
NA15B036,CE3310
NA15B036,OE3190
NA15B039,OE3190
NA15B039,AS5420
NA15B041,ED5315
NA15B041,OE3190
NA15B043,CH5350
NA15B043,OE3190
NA15B045,OE3190
NA15B046,OE3190
NA15B046,AS5420
NA15B047,CH5350
NA15B047,OE3190
NA16B003,MA2020
NA16B004,HS5920
NA16B005,HS4571
NA16B005,MA2020
NA16B007,HS5920
NA16B007,MA2020
NA16B009,HS2030
NA16B009,MA2020
NA16B010,HS2030
NA16B010,MA2020
NA16B011,HS4006
NA16B011,MA2020
NA16B012,HS5920
NA16B012,MA2020
NA16B013,HS4006
NA16B013,MA2020
NA16B014,MA2020
NA16B015,MA2020
NA16B016,HS4006
NA16B016,MA2020
NA16B017,HS4006
NA16B017,MA2020
NA16B018,HS4006
NA16B019,HS4571
NA16B019,MA2020
NA16B020,HS2030
NA16B020,MA2020
NA16B021,HS5920
NA16B022,MA2020
NA16B023,HS4006
NA16B023,MA2020
NA16B024,HS2030
NA16B024,MA2020
NA16B025,HS2030
NA16B025,MA2020
NA16B026,HS4006
NA16B026,MA2020
NA16B027,MA2020
NA16B029,HS2030
NA16B029,MA2020
NA16B030,HS3002C
NA16B030,MA2020
NA16B031,HS4571
NA16B031,MA2020
NA16B032,HS3002C
NA16B032,MA2020
NA16B033,MA2020
NA16B034,HS2030
NA16B034,MA2020
NA16B036,HS4006
NA16B036,MA2020
NA16B037,HS3002A
NA16B038,HS2030
NA16B038,MA2020
NA16B039,HS4350
NA16B039,MA2020
NA16B101,HS3002C
NA16B101,MA2020
NA16B102,HS3002
NA16B102,MA2020
NA16B103,MA2020
NA16B104,MA2020
NA16B106,HS3002C
NA16B106,MA2020
NA16B107,HS2030
NA16B107,MA2031
NA16B108,MA2020
NA16B109,HS4006
NA16B110,HS1090+
NA16B110,MA2020
NA16B111,HS3060
NA16B111,MA2020
NA16B112,HS3002
NA16B112,MA2020
NA16B113,MA2020
NA16B114,HS4210
NA16B114,MA2020
NA16B115,HS4571
NA16B116,HS4006
NA16B116,MA2020
NA16B117,HS3002A
NA16B117,MA2020
NA16B118,HS4006
NA16B118,MA2020
NA16B119,HS3002A
NA16B119,MA2020
PH16B001,HS3002A
PH16B001,MA2020
PH16B002,HS4350
PH16B002,MA2010
PH16B003,HS4006
PH16B003,MA2040
PH16B004,MA2040
PH16B005,HS2030
PH16B005,MA2010
PH16B006,HS1090+
PH16B006,MA2010
PH16B007,HS4350
PH16B007,MA2010
PH16B008,HS4006
PH16B008,MA2040
PH16B009,HS4006
PH16B009,MA2031
PH16B010,HS3002
PH16B010,MA2031
