Rollno,CGPA,Max Credits
AE15B001,6.20,63
AE15B002,6.56,63
AE15B003,6.35,63
AE15B004,9.47,63
AE15B005,5.70,63
AE15B006,9.09,81
AE15B007,4.18,63
AE15B008,8.32,63
AE15B009,9.61,63
AE15B010,8.35,63
AE15B011,6.55,63
AE15B012,7.91,63
AE15B013,4.90,63
AE15B014,8.41,63
AE15B015,4.94,63
AE15B016,7.42,63
AE15B017,3.57,63
AE15B018,5.94,63
AE15B019,7.75,63
AE15B020,7.46,63
AE15B021,7.43,63
AE15B022,8.87,63
AE15B023,8.79,63
AE15B024,9.91,63
AE15B025,3.88,63
AE15B026,8.09,63
AE15B027,10.00,63
AE15B028,5.59,63
AE15B029,7.83,63
AE15B030,8.62,63
AE15B031,8.77,81
AE15B032,7.35,63
AE15B033,8.01,63
AE15B034,3.44,63
AE15B035,8.91,81
AE15B036,8.94,63
AE15B037,8.30,63
AE15B038,7.19,63
AE15B039,7.46,63
AE15B040,8.96,63
AE15B041,9.63,63
AE15B042,5.91,63
AE15B043,8.83,63
AE15B044,7.69,63
AE15B045,9.05,63
AE15B046,6.32,63
AE15B047,9.06,63
AE15B048,8.63,63
AE15B049,1.78,63
AE15B050,7.09,63
AE15B051,8.44,63
AE15B052,2.40,63
AE15B053,7.50,63
AE15B054,7.91,63
AE15B055,6.39,63
AE15B056,8.51,63
AE15B057,9.00,63
AE15B058,8.03,63
AE15B059,8.03,63
AE16B001,8.26,63
AE16B002,2.99,63
AE16B003,7.28,63
AE16B004,8.13,63
AE16B005,9.13,63
AE16B006,6.38,63
AE16B007,5.29,63
AE16B008,7.50,63
AE16B009,6.19,63
AE16B010,8.23,63
AE16B011,8.54,63
AE16B012,4.19,63
AE16B013,7.87,63
AE16B014,4.03,63
AE16B015,7.55,63
AE16B016,8.38,63
AE16B017,8.15,63
AE16B018,8.54,63
AE16B019,9.34,63
AE16B020,8.31,63
AE16B021,8.42,63
AE16B022,5.14,63
AE16B023,3.81,63
AE16B024,6.09,63
AE16B025,8.13,63
AE16B026,7.62,63
AE16B027,9.41,63
AE16B028,4.58,63
AE16B029,8.62,63
AE16B030,8.86,63
AE16B031,8.36,63
AE16B032,7.76,63
AE16B033,9.41,63
AE16B034,8.36,63
AE16B035,7.43,63
AE16B036,4.47,63
AE16B037,7.23,63
AE16B038,7.61,63
AE16B039,9.62,63
AE16B040,8.29,63
AE16B041,7.67,63
AE16B042,4.60,63
AE16B043,6.31,63
AE16B044,8.62,63
AE16B045,5.61,63
AE16B046,8.96,63
AE16B102,8.55,63
AE16B103,8.40,63
AE16B104,3.58,63
AE16B105,5.92,63
AE16B106,7.70,63
AE16B107,7.13,63
AE16B108,7.86,63
AE16B109,7.94,63
AE16B110,7.10,63
AE16B111,5.23,63
AE16B112,7.77,63
AE16B113,8.16,63
AE16B114,9.18,63
AE16B115,8.01,63
AE17B001,7.18,63
AE17B003,6.62,63
AE17B004,8.89,63
AE17B005,8.95,63
AE17B006,7.20,63
AE17B007,8.54,63
AE17B008,8.72,63
AE17B009,4.93,63
AE17B010,8.16,63
AE17B011,9.00,63
AE17B012,7.51,63
AE17B013,7.34,63
AE17B014,4.66,63
AE17B015,7.56,63
AE17B016,7.27,63
AE17B017,6.62,63
AE17B018,7.41,63
AE17B019,7.07,63
AE17B020,9.16,63
AE17B021,8.23,63
AE17B022,7.79,63
AE17B023,9.73,63
AE17B024,8.11,63
AE17B025,7.30,63
AE17B026,6.79,63
AE17B027,8.62,63
AE17B028,8.95,63
AE17B029,6.46,63
AE17B030,8.74,63
AE17B031,9.33,63
AE17B032,7.51,63
AE17B033,2.69,63
AE17B034,8.67,63
AE17B035,9.53,63
AE17B036,7.95,63
AE17B037,6.31,63
AE17B038,5.64,63
AE17B039,5.92,63
AE17B040,9.53,63
AE17B041,9.61,63
AE17B042,8.02,63
AE17B043,8.35,63
AE17B044,7.57,63
AE17B045,9.07,63
AE17B046,9.41,63
AE17B101,8.18,63
AE17B102,8.18,63
AE17B103,8.28,63
AE17B104,8.39,63
AE17B105,7.51,63
AE17B106,1.90,63
AE17B107,8.07,63
AE17B108,9.20,63
AE17B109,8.02,63
AE17B110,8.07,63
AE17B111,8.49,63
AE17B112,8.00,63
AE17B113,7.46,63
BE15B001,8.25,63
BE15B003,7.04,63
BE15B004,9.04,63
BE15B005,7.25,63
BE15B006,6.92,63
BE15B007,6.58,63
BE15B008,6.95,63
BE15B009,5.86,63
BE15B010,9.08,63
BE15B011,8.22,63
BE15B012,6.81,63
BE15B013,8.04,63
BE15B014,5.60,63
BE15B015,6.60,63
BE15B016,6.75,63
BE15B017,7.86,63
BE15B018,8.25,63
BE15B019,7.37,63
BE15B021,5.52,63
BE15B022,8.36,63
BE15B023,7.91,63
BE15B024,8.29,63
BE15B025,7.91,63
BE15B026,7.44,63
BE15B027,8.00,63
BE15B028,9.07,63
BE15B029,7.91,63
BE15B030,6.57,63
BE15B031,2.57,63
BE15B032,8.97,63
BE16B001,8.71,63
BE16B002,8.63,63
BE16B003,8.26,63
BE16B004,5.41,63
BE16B005,2.91,63
BE16B006,9.12,63
BE16B007,8.34,63
BE16B008,9.12,63
BE16B009,5.92,63
BE16B010,7.68,63
BE16B011,8.42,63
BE16B012,3.06,63
BE16B013,8.25,63
BE16B014,8.04,63
BE16B015,8.48,63
BE16B016,8.69,63
BE16B017,7.91,63
BE16B018,2.17,63
BE16B019,2.52,63
BE16B020,5.33,63
BE16B021,5.30,63
BE16B022,5.38,63
BE16B023,5.18,63
BE16B024,9.16,63
BE16B025,2.45,63
BE16B026,8.40,63
BE16B027,8.85,63
BE16B028,8.87,63
BE16B029,7.37,63
BE16B030,2.43,63
BE16B031,7.23,63
BE16B032,9.09,63
BE16B033,2.27,63
BE16B034,6.66,63
BE16B035,8.13,63
BE16B036,9.27,63
BE17B001,8.92,63
BE17B002,7.94,63
BE17B003,3.71,63
BE17B004,3.60,63
BE17B005,6.78,63
BE17B006,8.25,63
BE17B007,8.60,63
BE17B008,3.09,63
BE17B009,8.55,63
BE17B010,6.74,63
BE17B011,9.05,63
BE17B012,7.71,63
BE17B013,6.46,63
BE17B014,7.40,63
BE17B015,7.77,63
BE17B016,9.02,63
BE17B017,9.42,63
BE17B018,8.34,63
BE17B019,7.60,63
BE17B020,8.83,63
BE17B021,4.75,63
BE17B022,8.26,63
BE17B023,8.14,63
BE17B024,8.17,63
BE17B025,7.40,63
BE17B026,7.80,63
BE17B027,5.28,63
BE17B028,3.32,63
BE17B029,9.05,63
BE17B030,7.65,63
BE17B031,9.53,63
BE17B032,8.00,63
BE17B033,3.17,63
BE17B034,7.63,63
BE17B036,9.20,63
BE17B037,8.78,63
BE17B038,8.58,63
BS15B001,6.09,63
BS15B002,6.66,63
BS15B003,7.09,63
BS15B004,6.60,63
BS15B005,7.96,63
BS15B006,7.68,63
BS15B007,6.11,63
BS15B008,6.50,63
BS15B009,8.21,63
BS15B010,8.93,63
BS15B011,7.35,63
BS15B012,7.79,63
BS15B013,6.28,63
BS15B014,5.47,63
BS15B016,8.50,63
BS15B017,6.03,63
BS15B018,3.27,63
BS15B019,9.46,63
BS15B020,7.03,63
BS15B021,5.33,63
BS15B022,7.84,63
BS15B023,4.53,63
BS15B024,7.82,63
BS15B025,5.57,63
BS15B027,4.47,63
BS15B028,8.82,63
BS15B030,0.1,63
BS15B032,4.05,63
BS16B001,8.79,63
BS16B003,5.69,63
BS16B004,3.59,63
BS16B005,8.72,63
BS16B006,5.77,63
BS16B007,8.55,63
BS16B008,5.83,63
BS16B010,3.87,63
BS16B013,6.90,63
BS16B014,7.51,63
BS16B015,1.74,63
BS16B016,6.92,63
BS16B017,7.14,63
BS16B018,6.67,63
BS16B019,7.10,63
BS16B021,9.21,63
BS16B022,6.75,63
BS16B023,5.75,63
BS16B024,6.40,63
BS16B025,8.80,63
BS16B026,5.49,63
BS16B028,5.99,63
BS16B029,5.11,63
BS16B030,6.25,63
BS16B031,7.48,63
BS16B032,7.19,63
BS17B001,9.53,63
BS17B002,8.69,63
BS17B003,3.89,63
BS17B004,3.02,63
BS17B006,7.05,63
BS17B007,3.60,63
BS17B008,6.46,63
BS17B009,8.38,63
BS17B010,5.89,63
BS17B011,8.55,63
BS17B012,7.91,63
BS17B013,6.14,63
BS17B014,6.65,63
BS17B015,6.85,63
BS17B016,7.98,63
BS17B017,3.04,63
BS17B018,8.93,63
BS17B019,7.92,63
BS17B020,2.75,63
BS17B021,7.80,63
BS17B022,4.62,63
BS17B024,7.31,63
BS17B025,7.78,63
BS17B026,8.58,63
BS17B027,8.69,63
BS17B028,7.12,63
BS17B029,8.31,63
BS17B030,7.49,63
BS17B031,7.57,63
BS17B032,7.13,63
BS17B033,8.40,63
BS17B034,7.45,63
BS17B035,3.68,63
BS17B036,7.05,63
BS17B037,9.24,63
CE15B001,7.92,63
CE15B002,6.83,63
CE15B003,5.52,63
CE15B004,7.47,63
CE15B005,7.87,63
CE15B006,6.99,63
CE15B007,8.54,81
CE15B008,5.72,63
CE15B009,6.86,63
CE15B010,3.97,63
CE15B011,8.50,63
CE15B012,4.76,63
CE15B013,8.38,63
CE15B014,0.1,63
CE15B015,8.87,81
CE15B016,0.1,63
CE15B017,7.75,63
CE15B018,8.46,63
CE15B019,8.21,63
CE15B020,0.1,63
CE15B021,9.40,63
CE15B022,8.70,63
CE15B023,7.36,63
CE15B024,4.78,63
CE15B025,0.1,63
CE15B026,8.18,63
CE15B027,8.27,63
CE15B028,6.72,63
CE15B029,8.53,63
CE15B030,5.64,63
CE15B031,6.52,63
CE15B032,7.85,63
CE15B033,8.80,63
CE15B034,6.74,63
CE15B035,8.92,63
CE15B036,3.11,63
CE15B037,7.27,63
CE15B038,2.20,63
CE15B039,0.86,63
CE15B040,4.77,63
CE15B041,8.74,63
CE15B042,7.81,63
CE15B043,7.27,63
CE15B044,8.38,63
CE15B045,0.98,63
CE15B046,5.65,63
CE15B047,5.56,63
CE15B048,7.86,63
CE15B049,7.88,63
CE15B050,6.51,63
CE15B051,9.35,81
CE15B052,8.23,63
CE15B053,9.29,81
CE15B054,5.67,63
CE15B055,7.44,63
CE15B056,6.63,63
CE15B057,7.29,63
CE15B058,1.83,63
CE15B059,8.49,63
CE15B060,8.22,63
CE15B061,0.1,63
CE15B062,8.41,63
CE15B063,7.74,63
CE15B064,7.19,63
CE15B065,6.85,63
CE15B066,6.17,63
CE15B067,7.90,63
CE15B068,7.55,63
CE15B069,7.86,63
CE15B070,8.02,63
CE15B071,5.26,63
CE15B072,8.74,63
CE15B073,6.76,63
CE15B074,6.85,63
CE15B075,7.69,63
CE15B076,6.34,63
CE15B077,6.12,63
CE15B078,6.21,63
CE15B079,8.21,63
CE15B080,1.51,63
CE15B082,7.36,63
CE15B083,9.78,63
CE15B084,9.15,81
CE15B085,8.77,81
CE15B086,7.69,63
CE15B087,7.56,63
CE15B088,6.23,63
CE15B089,7.90,63
CE15B090,9.65,63
CE15B091,8.38,63
CE15B092,6.64,63
CE15B093,6.71,63
CE15B094,7.08,63
CE15B095,6.76,63
CE15B096,7.91,63
CE15B097,9.35,63
CE15B099,5.42,63
CE15B100,8.66,81
CE15B101,8.52,63
CE15B102,7.23,63
CE15B103,7.78,63
CE15B104,6.65,63
CE15B105,5.74,63
CE16B001,6.90,63
CE16B002,2.32,63
CE16B003,5.78,63
CE16B005,5.29,63
CE16B006,7.31,63
CE16B007,5.64,63
CE16B008,3.75,63
CE16B009,2.54,63
CE16B010,7.53,63
CE16B011,8.71,63
CE16B012,8.22,63
CE16B013,7.07,63
CE16B014,6.58,63
CE16B015,7.68,63
CE16B016,9.08,63
CE16B017,8.02,63
CE16B018,7.00,63
CE16B019,8.06,63
CE16B020,7.64,63
CE16B021,6.07,63
CE16B022,7.13,63
CE16B023,6.60,63
CE16B024,6.93,63
CE16B025,8.69,63
CE16B026,5.95,63
CE16B027,5.76,63
CE16B028,7.31,63
CE16B030,9.03,63
CE16B031,3.07,63
CE16B032,7.11,63
CE16B033,9.14,63
CE16B034,9.34,63
CE16B035,4.81,63
CE16B036,6.89,63
CE16B037,7.06,63
CE16B038,3.93,63
CE16B039,7.77,63
CE16B040,6.82,63
CE16B041,8.11,63
CE16B042,5.36,63
CE16B043,7.21,63
CE16B044,7.05,63
CE16B045,6.88,63
CE16B046,7.64,63
CE16B047,5.66,63
CE16B048,5.33,63
CE16B049,7.07,63
CE16B050,7.82,63
CE16B051,8.72,63
CE16B052,8.65,63
CE16B053,7.64,63
CE16B054,8.48,63
CE16B055,6.69,63
CE16B056,4.81,63
CE16B057,4.31,63
CE16B058,6.60,63
CE16B059,8.62,63
CE16B060,8.35,63
CE16B061,7.42,63
CE16B062,7.97,63
CE16B063,3.84,63
CE16B064,6.84,63
CE16B065,8.81,63
CE16B101,9.16,63
CE16B102,4.53,63
CE16B103,6.19,63
CE16B104,6.37,63
CE16B105,7.45,63
CE16B106,5.18,63
CE16B107,7.19,63
CE16B108,7.71,63
CE16B109,6.79,63
CE16B110,6.70,63
CE16B111,4.45,63
CE16B112,2.57,63
CE16B113,7.15,63
CE16B114,7.74,63
CE16B115,6.44,63
CE16B116,7.96,63
CE16B117,9.31,63
CE16B118,7.19,63
CE16B119,4.86,63
CE16B120,8.16,63
CE16B121,7.57,63
CE16B122,8.73,63
CE16B123,5.78,63
CE16B124,8.10,63
CE16B125,7.09,63
CE16B126,5.56,63
CE16B127,7.00,63
CE16B128,7.32,63
CE16B129,6.90,63
CE16B130,2.98,63
CE16B131,7.15,63
CE16B132,9.08,63
CE16B133,5.14,63
CE16B134,7.09,63
CE16B135,8.21,63
CE16B136,8.90,63
CE16B137,7.87,63
CE17B001,8.20,63
CE17B002,6.46,63
CE17B003,8.08,63
CE17B004,8.21,63
CE17B005,1.12,63
CE17B006,8.23,63
CE17B007,8.57,63
CE17B008,6.67,63
CE17B009,5.87,63
CE17B010,4.87,63
CE17B011,8.75,63
CE17B012,6.36,63
CE17B013,6.61,63
CE17B014,7.08,63
CE17B015,5.74,63
CE17B016,7.18,63
CE17B017,8.13,63
CE17B018,6.80,63
CE17B019,7.84,63
CE17B020,8.87,63
CE17B021,7.02,63
CE17B022,8.97,63
CE17B023,8.08,63
CE17B024,8.31,63
CE17B025,8.67,63
CE17B026,8.59,63
CE17B027,4.54,63
CE17B028,7.28,63
CE17B029,5.59,63
CE17B030,1.85,63
CE17B031,7.61,63
CE17B032,7.54,63
CE17B033,7.90,63
CE17B034,9.47,63
CE17B035,7.92,63
CE17B036,8.48,63
CE17B037,9.08,63
CE17B038,9.64,63
CE17B039,8.97,63
CE17B040,7.89,63
CE17B041,9.44,63
CE17B042,6.79,63
CE17B043,8.21,63
CE17B044,7.08,63
CE17B045,5.26,63
CE17B046,7.41,63
CE17B047,5.18,63
CE17B048,7.97,63
CE17B049,7.05,63
CE17B050,8.70,63
CE17B051,7.18,63
CE17B052,9.37,63
CE17B053,9.67,63
CE17B054,6.97,63
CE17B055,8.52,63
CE17B056,5.52,63
CE17B057,7.90,63
CE17B058,3.55,63
CE17B059,7.46,63
CE17B060,9.33,63
CE17B061,6.43,63
CE17B062,9.27,63
CE17B063,8.95,63
CE17B101,5.64,63
CE17B102,5.84,63
CE17B103,5.85,63
CE17B104,5.72,63
CE17B105,7.10,63
CE17B106,7.80,63
CE17B107,7.70,63
CE17B108,8.28,63
CE17B109,3.10,63
CE17B110,7.54,63
CE17B111,3.44,63
CE17B112,7.74,63
CE17B113,8.51,63
CE17B114,7.84,63
CE17B115,7.93,63
CE17B116,8.15,63
CE17B117,8.34,63
CE17B118,8.54,63
CE17B119,4.59,63
CE17B120,7.61,63
CE17B121,3.41,63
CE17B122,7.95,63
CE17B123,7.20,63
CE17B124,6.16,63
CE17B125,7.21,63
CE17B126,8.52,63
CE17B127,6.77,63
CE17B128,7.54,63
CE17B129,8.88,63
CE17B130,9.33,63
CE17B131,7.67,63
CE17B132,8.52,63
CE17B133,9.39,63
CE17B134,8.34,63
CE17B135,6.93,63
CH15B001,7.49,63
CH15B002,6.39,63
CH15B003,8.41,63
CH15B004,8.21,63
CH15B005,7.07,63
CH15B006,8.61,81
CH15B007,5.18,63
CH15B008,7.21,63
CH15B009,7.51,63
CH15B010,8.18,63
CH15B011,7.59,63
CH15B012,8.05,63
CH15B013,5.55,63
CH15B014,8.39,63
CH15B015,9.32,63
CH15B016,8.99,81
CH15B017,6.38,63
CH15B018,6.03,63
CH15B019,7.82,63
CH15B020,9.16,63
CH15B021,9.71,81
CH15B022,7.64,63
CH15B023,9.64,63
CH15B024,5.08,63
CH15B025,7.33,63
CH15B026,6.71,63
CH15B027,5.77,63
CH15B028,8.95,63
CH15B029,8.00,63
CH15B030,7.56,63
CH15B031,8.05,63
CH15B032,9.60,63
CH15B033,7.68,63
CH15B034,8.37,63
CH15B035,7.95,63
CH15B036,6.83,63
CH15B037,6.57,63
CH15B038,8.06,63
CH15B039,8.65,63
CH15B040,6.60,63
CH15B041,7.68,63
CH15B042,7.51,63
CH15B043,7.29,63
CH15B044,7.69,63
CH15B045,7.39,63
CH15B046,9.60,63
CH15B047,6.63,63
CH15B048,8.45,63
CH15B049,4.05,63
CH15B050,7.39,63
CH15B051,7.04,63
CH15B052,8.05,63
CH15B053,9.04,81
CH15B054,8.35,63
CH15B055,9.37,63
CH15B056,8.69,63
CH15B057,6.36,63
CH15B058,9.65,81
CH15B059,9.23,63
CH15B060,7.90,63
CH15B061,7.33,63
CH15B062,7.94,63
CH15B063,8.01,63
CH15B064,7.60,63
CH15B065,9.18,63
CH15B066,9.13,63
CH15B067,9.08,81
CH15B068,9.12,63
CH15B069,8.05,63
CH15B070,7.54,63
CH15B071,6.69,63
CH15B072,9.36,63
CH15B073,8.67,63
CH15B074,7.11,63
CH15B075,5.69,63
CH15B076,5.91,63
CH15B077,6.55,63
CH15B078,8.06,63
CH15B079,6.77,63
CH15B080,9.76,63
CH15B081,7.69,63
CH15B082,7.26,63
CH15B083,7.84,63
CH15B084,5.15,63
CH15B086,7.15,63
CH15B087,7.89,63
CH15B088,6.73,63
CH15B089,9.76,63
CH15B090,2.85,63
CH15B091,9.72,63
CH15B092,9.62,63
CH15B093,8.70,63
CH15B094,8.06,63
CH15B095,7.73,63
CH15B096,8.22,63
CH15B097,7.84,63
CH16B001,8.97,63
CH16B002,4.85,63
CH16B003,3.34,63
CH16B004,9.76,63
CH16B005,6.48,63
CH16B006,1.58,63
CH16B007,7.57,63
CH16B008,3.88,63
CH16B009,9.55,63
CH16B010,8.34,63
CH16B011,4.99,63
CH16B012,6.86,63
CH16B013,8.56,63
CH16B014,7.40,63
CH16B015,9.35,63
CH16B016,8.73,63
CH16B017,6.65,63
CH16B018,8.35,63
CH16B019,6.70,63
CH16B020,6.76,63
CH16B021,7.37,63
CH16B022,6.82,63
CH16B023,8.43,63
CH16B024,8.64,63
CH16B025,7.14,63
CH16B026,7.26,63
CH16B027,6.63,63
CH16B028,7.68,63
CH16B029,7.65,63
CH16B030,9.24,63
CH16B031,6.37,63
CH16B032,5.75,63
CH16B033,8.76,63
CH16B034,3.51,63
CH16B035,7.61,63
CH16B036,2.68,63
CH16B037,8.89,63
CH16B038,7.63,63
CH16B039,6.39,63
CH16B040,4.32,63
CH16B041,6.86,63
CH16B042,6.94,63
CH16B043,7.41,63
CH16B044,7.29,63
CH16B045,9.01,63
CH16B046,9.28,63
CH16B047,8.35,63
CH16B048,5.91,63
CH16B049,8.31,63
CH16B050,7.83,63
CH16B051,4.24,63
CH16B052,6.89,63
CH16B053,6.87,63
CH16B054,8.69,63
CH16B055,8.26,63
CH16B056,7.78,63
CH16B057,8.63,63
CH16B058,9.49,63
CH16B059,8.35,63
CH16B060,6.58,63
CH16B061,8.78,63
CH16B062,8.39,63
CH16B063,8.20,63
CH16B064,9.10,63
CH16B065,6.88,63
CH16B066,7.64,63
CH16B067,6.28,63
CH16B068,2.39,63
CH16B069,6.45,63
CH16B070,7.84,63
CH16B071,9.77,63
CH16B072,6.64,63
CH16B101,7.12,63
CH16B102,3.96,63
CH16B103,8.27,63
CH16B104,5.97,63
CH16B105,6.33,63
CH16B106,8.32,63
CH16B107,9.21,63
CH16B108,9.30,63
CH16B109,7.27,63
CH16B110,7.85,63
CH16B111,7.70,63
CH16B112,7.03,63
CH16B113,9.03,63
CH16B114,8.16,63
CH16B115,8.63,63
CH16B116,5.17,63
CH16B117,7.24,63
CH16B118,8.11,63
CH16B119,8.65,63
CH17B001,9.72,63
CH17B002,9.07,63
CH17B003,9.28,63
CH17B004,8.30,63
CH17B005,6.30,63
CH17B006,6.19,63
CH17B007,7.70,63
CH17B008,8.40,63
CH17B009,8.82,63
CH17B010,5.60,63
CH17B011,9.30,63
CH17B012,6.82,63
CH17B013,5.96,63
CH17B014,7.82,63
CH17B015,7.77,63
CH17B016,5.42,63
CH17B017,7.19,63
CH17B018,7.18,63
CH17B019,1.43,63
CH17B020,7.47,63
CH17B021,8.60,63
CH17B022,6.65,63
CH17B023,7.07,63
CH17B024,6.30,63
CH17B025,3.46,63
CH17B026,7.53,63
CH17B027,8.23,63
CH17B028,8.35,63
CH17B029,6.07,63
CH17B030,8.30,63
CH17B031,9.00,63
CH17B032,4.56,63
CH17B033,8.65,63
CH17B034,9.07,63
CH17B035,8.65,63
CH17B036,8.95,63
CH17B037,8.65,63
CH17B038,6.72,63
CH17B039,5.72,63
CH17B040,2.91,63
CH17B041,6.47,63
CH17B042,7.00,63
CH17B043,7.60,63
CH17B044,9.64,63
CH17B045,7.26,63
CH17B046,8.05,63
CH17B047,7.49,63
CH17B048,7.30,63
CH17B049,8.54,63
CH17B050,9.07,63
CH17B051,2.39,63
CH17B052,7.32,63
CH17B053,9.12,63
CH17B054,8.30,63
CH17B055,5.95,63
CH17B056,8.82,63
CH17B057,8.02,63
CH17B058,8.53,63
CH17B059,7.60,63
CH17B060,6.60,63
CH17B061,6.32,63
CH17B062,8.89,63
CH17B063,5.25,63
CH17B064,8.37,63
CH17B065,8.30,63
CH17B066,8.77,63
CH17B067,8.82,63
CH17B068,9.72,63
CH17B069,8.30,63
CH17B070,8.65,63
CH17B071,9.25,63
CH17B072,8.65,63
CH17B073,7.18,63
CH17B074,8.25,63
CH17B075,9.18,63
CH17B076,9.12,63
CH17B077,8.69,63
CH17B078,8.86,63
CH17B101,7.42,63
CH17B102,1.61,63
CH17B103,7.88,63
CH17B104,5.89,63
CH17B105,8.37,63
CH17B106,2.58,63
CH17B107,9.30,63
CH17B108,7.49,63
CH17B109,7.12,63
CH17B110,7.70,63
CH17B111,8.18,63
CH17B112,6.42,63
CH17B113,6.35,63
CH17B114,9.21,63
CH17B115,8.35,63
CH17B116,7.98,63
CH17B117,9.00,63
CH17B118,6.40,63
CH17B119,9.37,63
CH17B120,9.04,63
CS15B001,9.71,63
CS15B002,7.16,63
CS15B003,7.71,63
CS15B004,8.21,63
CS15B005,6.96,63
CS15B006,8.14,63
CS15B007,8.24,63
CS15B008,7.80,63
CS15B009,8.61,63
CS15B010,6.54,63
CS15B011,6.85,63
CS15B012,8.55,63
CS15B013,7.64,63
CS15B014,9.40,81
CS15B015,9.35,81
CS15B016,9.68,63
CS15B017,5.12,63
CS15B018,4.83,63
CS15B019,3.32,63
CS15B020,7.93,63
CS15B021,3.97,63
CS15B022,7.91,63
CS15B023,7.77,63
CS15B024,7.61,63
CS15B025,9.19,63
CS15B026,3.24,63
CS15B027,7.16,63
CS15B028,7.51,63
CS15B029,6.57,63
CS15B030,8.46,63
CS15B031,7.82,63
CS15B032,7.70,63
CS15B033,7.76,63
CS15B034,9.69,63
CS15B035,8.80,63
CS15B036,6.47,63
CS15B037,8.91,63
CS15B038,7.39,63
CS15B039,9.69,81
CS15B040,7.18,63
CS15B041,6.12,63
CS15B042,8.76,63
CS15B043,7.99,63
CS15B044,7.58,63
CS15B045,4.04,63
CS15B046,9.75,81
CS15B047,9.49,81
CS15B048,9.57,81
CS15B049,6.71,63
CS15B050,8.12,63
CS15B051,5.79,63
CS15B052,9.67,81
CS15B053,8.32,63
CS15B054,6.20,63
CS15B055,2.26,63
CS15B056,8.99,63
CS15B057,9.97,81
CS15B058,9.59,81
CS15B059,9.69,63
CS15B060,9.55,63
CS15B061,9.70,81
CS16B001,8.94,63
CS16B002,7.43,63
CS16B003,8.38,63
CS16B004,9.26,63
CS16B005,9.59,63
CS16B006,8.95,63
CS16B007,8.29,63
CS16B008,8.71,63
CS16B009,8.23,63
CS16B010,8.47,63
CS16B011,9.81,63
CS16B012,9.60,63
CS16B013,8.35,63
CS16B014,1.06,63
CS16B015,3.45,63
CS16B016,9.11,63
CS16B017,8.71,63
CS16B018,8.17,63
CS16B019,7.54,63
CS16B020,8.31,63
CS16B021,9.98,63
CS16B022,9.45,63
CS16B023,6.03,63
CS16B024,8.14,63
CS16B025,9.76,63
CS16B026,9.14,63
CS16B027,2.13,63
CS16B028,7.63,63
CS16B029,9.25,63
CS16B030,9.24,63
CS16B031,8.60,63
CS16B032,8.76,63
CS16B033,8.79,63
CS16B034,8.36,63
CS16B035,7.70,63
CS16B036,5.70,63
CS16B037,9.37,63
CS16B038,9.19,63
CS16B039,9.14,63
CS16B040,3.80,63
CS16B041,9.11,63
CS16B042,8.38,63
CS16B043,9.36,63
CS16B044,9.33,63
CS16B045,9.16,63
CS16B046,8.96,63
CS16B047,8.28,63
CS16B101,9.75,63
CS16B102,9.09,63
CS16B103,8.10,63
CS16B104,2.60,63
CS16B105,7.40,63
CS16B106,8.91,63
CS16B107,9.94,63
CS16B108,9.66,63
CS16B109,9.00,63
CS16B110,9.61,63
CS16B111,7.88,63
CS16B112,9.53,63
CS16B113,8.49,63
CS16B114,9.54,63
CS16B115,9.47,63
CS17B001,8.00,63
CS17B002,9.09,63
CS17B003,9.45,63
CS17B004,9.61,63
CS17B005,8.58,63
CS17B006,9.61,63
CS17B007,8.94,63
CS17B008,8.00,63
CS17B009,8.27,63
CS17B010,7.24,63
CS17B011,9.24,63
CS17B012,6.73,63
CS17B013,8.03,63
CS17B014,7.82,63
CS17B015,9.30,63
CS17B016,8.85,63
CS17B017,8.48,63
CS17B018,9.09,63
CS17B019,9.76,63
CS17B020,9.24,63
CS17B021,9.30,63
CS17B022,9.09,63
CS17B023,9.79,63
CS17B024,9.15,63
CS17B025,8.00,63
CS17B026,9.15,63
CS17B027,9.48,63
CS17B028,9.79,63
CS17B029,8.18,63
CS17B030,8.48,63
CS17B031,9.48,63
CS17B033,8.94,63
CS17B034,8.94,63
CS17B035,9.33,63
CS17B036,8.79,63
CS17B037,8.09,63
CS17B038,8.24,63
CS17B039,7.88,63
CS17B040,8.09,63
CS17B041,7.58,63
CS17B042,8.85,63
CS17B044,7.39,63
CS17B045,9.94,63
CS17B046,9.64,63
CS17B047,9.77,63
CS17B048,9.72,63
CS17B049,9.60,63
CS17B101,9.00,63
CS17B102,7.00,63
CS17B103,9.21,63
CS17B104,8.61,63
CS17B105,8.48,63
CS17B106,9.39,63
CS17B107,9.18,63
CS17B108,9.48,63
CS17B109,8.42,63
CS17B110,9.64,63
CS17B111,8.79,63
CS17B112,8.73,63
CS17B113,9.45,63
CS17B114,9.00,63
CS17B115,3.32,63
CS17B116,9.88,63
ED15B001,8.77,81
ED15B003,8.49,63
ED15B004,6.51,63
ED15B005,8.12,63
ED15B006,7.96,63
ED15B007,8.11,63
ED15B008,6.56,63
ED15B009,5.71,63
ED15B010,9.32,63
ED15B011,8.34,63
ED15B012,9.13,81
ED15B013,9.26,63
ED15B014,4.07,63
ED15B015,6.54,63
ED15B016,6.78,63
ED15B017,5.02,63
ED15B018,9.23,81
ED15B019,8.52,63
ED15B020,8.69,63
ED15B021,8.87,81
ED15B022,8.16,63
ED15B023,6.67,63
ED15B024,7.14,63
ED15B025,2.88,63
ED15B026,7.98,63
ED15B027,8.91,63
ED15B028,7.70,63
ED15B029,6.80,63
ED15B030,6.59,63
ED15B031,8.73,63
ED15B032,6.80,63
ED15B033,5.82,63
ED15B034,5.36,63
ED15B035,8.71,63
ED15B036,7.97,63
ED15B037,7.39,63
ED15B038,2.54,63
ED15B039,5.23,63
ED15B040,6.05,63
ED15B041,8.88,63
ED15B042,6.26,63
ED15B043,8.58,63
ED15B044,7.87,63
ED15B045,3.54,63
ED15B046,6.00,63
ED15B047,8.02,63
ED15B048,6.97,63
ED15B050,9.46,81
ED15B051,7.29,63
ED15B052,7.96,63
ED15B053,8.03,63
ED15B054,2.58,63
ED15B055,6.86,63
ED15B056,7.21,63
ED16B001,7.31,63
ED16B002,8.99,63
ED16B003,5.94,63
ED16B004,7.94,63
ED16B005,7.59,63
ED16B006,7.13,63
ED16B007,7.74,63
ED16B008,7.60,63
ED16B009,8.82,63
ED16B010,7.67,63
ED16B011,7.20,63
ED16B012,5.57,63
ED16B013,6.04,63
ED16B014,6.15,63
ED16B015,7.98,63
ED16B016,7.49,63
ED16B017,6.53,63
ED16B018,7.28,63
ED16B019,6.58,63
ED16B020,6.85,63
ED16B021,4.78,63
ED16B022,7.47,63
ED16B023,6.51,63
ED16B024,5.34,63
ED16B025,7.54,63
ED16B026,7.23,63
ED16B027,0.00,63
ED16B028,6.69,63
ED16B029,5.30,63
ED16B030,7.78,63
ED16B031,8.50,63
ED16B032,8.74,81
ED16B033,6.75,63
ED16B034,7.46,63
ED16B035,6.20,63
ED16B036,4.86,63
ED16B037,5.70,63
ED16B038,4.99,63
ED16B039,6.59,63
ED16B040,8.48,63
ED16B041,3.81,63
ED16B042,4.88,63
ED16B043,7.62,63
ED16B044,7.88,63
ED16B045,3.94,63
ED16B046,5.97,63
ED16B048,7.35,63
ED16B049,8.19,63
ED16B050,8.11,63
ED16B051,7.98,63
ED16B052,8.19,63
ED16B054,7.63,63
ED16B055,4.68,63
ED16B056,8.07,63
ED16B057,8.62,63
ED16B058,8.59,63
ED16B059,7.65,63
ED17B001,7.35,63
ED17B002,9.40,63
ED17B003,7.95,63
ED17B004,6.62,63
ED17B005,6.46,63
ED17B006,6.20,63
ED17B007,6.95,63
ED17B008,6.37,63
ED17B009,6.94,63
ED17B010,8.03,63
ED17B011,8.38,63
ED17B012,8.97,63
ED17B013,8.80,63
ED17B014,9.00,63
ED17B015,8.63,63
ED17B016,8.38,63
ED17B017,8.89,63
ED17B018,4.17,63
ED17B019,2.78,63
ED17B020,8.22,63
ED17B021,6.40,63
ED17B022,7.20,63
ED17B023,3.92,63
ED17B024,8.58,63
ED17B025,7.74,63
ED17B026,7.85,63
ED17B027,7.63,63
ED17B028,5.89,63
ED17B029,6.91,63
ED17B030,8.42,63
ED17B031,8.14,63
ED17B032,7.63,63
ED17B033,7.98,63
ED17B034,4.23,63
ED17B035,7.95,63
ED17B036,8.00,63
ED17B037,8.05,63
ED17B038,7.31,63
ED17B039,9.25,63
ED17B040,4.83,63
ED17B041,7.78,63
ED17B042,8.69,63
ED17B043,7.86,63
ED17B044,7.69,63
ED17B045,5.52,63
ED17B046,6.86,63
ED17B047,8.20,63
ED17B048,7.12,63
ED17B049,7.63,63
ED17B050,7.32,63
ED17B051,3.26,63
ED17B052,0.1,63
ED17B053,5.98,63
ED17B054,7.83,63
ED17B055,9.28,63
ED17B056,1.55,63
ED17B057,7.88,63
EE15B001,6.63,63
EE15B002,9.30,63
EE15B003,8.21,63
EE15B004,8.93,81
EE15B005,7.64,63
EE15B006,9.39,63
EE15B007,9.69,81
EE15B008,7.88,63
EE15B009,9.08,63
EE15B010,7.15,63
EE15B011,8.99,81
EE15B012,9.71,63
EE15B013,9.80,63
EE15B014,8.33,63
EE15B015,8.39,63
EE15B016,7.60,63
EE15B017,8.33,63
EE15B018,8.30,63
EE15B019,9.02,81
EE15B020,7.64,63
EE15B021,8.71,63
EE15B022,7.00,63
EE15B023,9.88,63
EE15B024,6.46,63
EE15B025,8.82,81
EE15B026,6.76,63
EE15B027,8.64,63
EE15B028,8.91,63
EE15B029,7.27,63
EE15B030,5.95,63
EE15B031,5.99,63
EE15B032,8.16,63
EE15B033,8.47,63
EE15B034,7.78,63
EE15B035,8.97,63
EE15B036,7.47,63
EE15B037,8.43,63
EE15B038,8.52,63
EE15B039,8.63,63
EE15B040,8.24,63
EE15B041,7.65,63
EE15B042,9.11,63
EE15B043,9.10,63
EE15B044,8.01,63
EE15B045,6.51,63
EE15B046,6.13,63
EE15B047,9.21,81
EE15B048,8.34,63
EE15B049,8.21,63
EE15B050,7.85,63
EE15B051,8.05,63
EE15B052,8.56,63
EE15B053,8.85,63
EE15B054,9.03,63
EE15B055,7.37,63
EE15B056,6.73,63
EE15B057,9.22,63
EE15B058,9.05,63
EE15B059,5.44,63
EE15B060,4.82,63
EE15B062,6.25,63
EE15B063,5.92,63
EE15B064,8.08,63
EE15B065,7.89,63
EE15B066,6.36,63
EE15B067,7.01,63
EE15B068,8.90,81
EE15B069,9.55,63
EE15B070,9.10,63
EE15B071,6.73,63
EE15B072,8.40,63
EE15B073,9.68,63
EE15B074,9.61,81
EE15B075,7.47,63
EE15B076,7.63,63
EE15B077,8.06,63
EE15B078,6.92,63
EE15B079,7.81,63
EE15B080,6.83,63
EE15B081,7.60,63
EE15B082,8.17,63
EE15B083,9.04,63
EE15B084,5.36,63
EE15B085,8.70,81
EE15B086,8.12,63
EE15B087,7.30,63
EE15B088,7.95,63
EE15B089,8.16,63
EE15B090,8.95,63
EE15B091,2.93,63
EE15B092,8.83,63
EE15B093,5.37,63
EE15B094,8.84,63
EE15B095,7.84,63
EE15B096,8.46,63
EE15B097,8.46,63
EE15B098,6.52,63
EE15B099,7.66,63
EE15B100,8.11,63
EE15B101,7.69,63
EE15B102,7.62,63
EE15B103,8.77,63
EE15B104,7.28,63
EE15B105,8.68,63
EE15B106,4.96,63
EE15B107,7.72,63
EE15B108,7.88,63
EE15B109,8.46,63
EE15B110,7.30,63
EE15B111,5.40,63
EE15B112,8.14,63
EE15B113,9.36,63
EE15B114,8.62,63
EE15B115,6.15,63
EE15B116,8.28,63
EE15B117,8.48,63
EE15B118,3.14,63
EE15B119,6.22,63
EE15B120,7.91,63
EE15B121,2.53,63
EE15B122,9.95,63
EE15B123,9.77,81
EE15B124,9.61,63
EE15B125,9.15,81
EE15B126,9.62,63
EE15B127,8.81,81
EE15B128,9.22,63
EE15B129,9.14,81
EE15B130,8.60,63
EE15B131,9.28,81
EE15B132,9.32,63
EE15B133,9.33,63
EE15B134,9.59,63
EE16B001,7.77,63
EE16B002,8.40,63
EE16B003,9.69,63
EE16B004,6.61,63
EE16B005,7.98,63
EE16B006,8.86,63
EE16B007,8.83,63
EE16B008,9.15,63
EE16B009,8.78,63
EE16B010,7.72,63
EE16B011,9.94,63
EE16B012,8.94,63
EE16B013,9.12,63
EE16B014,8.15,63
EE16B015,8.30,63
EE16B016,7.44,63
EE16B017,9.16,63
EE16B018,8.53,63
EE16B019,8.39,63
EE16B020,9.03,63
EE16B021,8.77,63
EE16B022,9.60,63
EE16B023,7.99,63
EE16B024,8.70,63
EE16B025,9.94,63
EE16B026,9.32,63
EE16B027,7.01,63
EE16B028,8.25,63
EE16B029,6.09,63
EE16B030,8.06,63
EE16B031,9.34,63
EE16B032,8.35,63
EE16B033,9.98,63
EE16B034,8.21,63
EE16B035,7.19,63
EE16B036,9.37,63
EE16B037,8.38,63
EE16B038,4.73,63
EE16B039,8.49,63
EE16B040,9.36,63
EE16B041,8.76,63
EE16B042,8.29,63
EE16B043,7.34,63
EE16B044,8.66,63
EE16B045,8.61,63
EE16B046,9.31,63
EE16B047,7.43,63
EE16B048,9.30,63
EE16B049,7.90,63
EE16B050,8.04,63
EE16B051,8.68,63
EE16B052,3.84,63
EE16B053,6.90,63
EE16B054,9.11,63
EE16B055,9.08,63
EE16B056,6.81,63
EE16B057,9.13,63
EE16B058,9.48,63
EE16B059,7.60,63
EE16B060,9.24,63
EE16B061,7.90,63
EE16B062,9.38,63
EE16B063,7.16,63
EE16B064,8.81,63
EE16B065,9.59,63
EE16B066,9.10,63
EE16B067,9.31,63
EE16B068,9.59,63
EE16B069,9.24,63
EE16B070,9.50,63
EE16B071,9.31,63
EE16B073,8.73,63
EE16B101,4.95,63
EE16B102,8.36,63
EE16B103,6.96,63
EE16B104,8.43,63
EE16B105,8.83,63
EE16B106,8.77,63
EE16B107,8.73,63
EE16B108,8.16,63
EE16B109,9.13,63
EE16B110,9.94,63
EE16B111,6.65,63
EE16B112,7.73,63
EE16B113,4.49,63
EE16B114,7.45,63
EE16B115,4.98,63
EE16B116,8.32,63
EE16B117,8.58,63
EE16B118,7.32,63
EE16B120,8.86,63
EE16B121,9.04,63
EE16B122,6.12,63
EE16B123,6.61,63
EE16B124,8.79,63
EE16B125,8.73,63
EE16B126,6.89,63
EE16B127,8.86,63
EE16B128,6.80,63
EE16B129,9.37,63
EE16B130,6.72,63
EE16B131,4.27,63
EE16B132,8.60,63
EE16B133,8.76,63
EE16B134,9.23,63
EE16B135,3.02,63
EE16B136,6.71,63
EE16B137,9.38,63
EE16B138,5.94,63
EE16B139,2.36,63
EE16B140,8.81,63
EE16B141,8.77,63
EE16B142,7.55,63
EE16B143,9.62,63
EE16B144,8.97,63
EE16B145,8.06,63
EE16B146,8.55,63
EE16B147,7.56,63
EE16B148,7.36,63
EE16B149,7.87,63
EE16B150,9.00,63
EE16B151,7.81,63
EE16B152,8.01,63
EE16B153,9.16,63
EE16B154,8.84,63
EE16B155,0.25,63
EE16B156,8.99,63
EE16B157,9.32,63
EE16B158,8.05,63
EE16B159,8.94,63
EE16B160,8.80,63
EE17B001,8.15,63
EE17B002,9.05,63
EE17B003,8.10,63
EE17B004,7.83,63
EE17B005,5.83,63
EE17B006,8.71,63
EE17B007,8.88,63
EE17B008,9.20,63
EE17B009,6.92,63
EE17B010,8.35,63
EE17B011,7.73,63
EE17B012,6.83,63
EE17B013,7.81,63
EE17B014,7.57,63
EE17B015,8.74,63
EE17B016,8.56,63
EE17B017,8.88,63
EE17B018,7.39,63
EE17B019,6.76,63
EE17B020,6.90,63
EE17B021,9.19,63
EE17B022,8.88,63
EE17B023,9.37,63
EE17B024,9.17,63
EE17B025,9.20,63
EE17B026,8.19,63
EE17B027,9.37,63
EE17B028,8.91,63
EE17B029,9.42,63
EE17B030,7.22,63
EE17B031,9.68,63
EE17B032,9.68,63
EE17B033,9.58,63
EE17B034,8.93,63
EE17B035,8.63,63
EE17B036,9.71,63
EE17B037,8.29,63
EE17B038,7.88,63
EE17B039,8.46,63
EE17B040,9.59,63
EE17B041,9.25,63
EE17B042,8.05,63
EE17B043,7.47,63
EE17B044,7.71,63
EE17B045,4.02,63
EE17B046,8.54,63
EE17B047,9.61,63
EE17B048,9.34,63
EE17B049,5.71,63
EE17B050,5.98,63
EE17B051,6.79,63
EE17B052,9.37,63
EE17B053,9.44,63
EE17B054,8.40,63
EE17B055,8.49,63
EE17B056,8.17,63
EE17B057,8.29,63
EE17B058,7.00,63
EE17B059,9.15,63
EE17B060,8.93,63
EE17B061,8.25,63
EE17B062,7.14,63
EE17B063,8.76,63
EE17B064,9.75,63
EE17B065,8.32,63
EE17B066,9.00,63
EE17B067,9.57,63
EE17B068,9.72,63
EE17B069,9.72,63
EE17B070,9.31,63
EE17B071,9.74,63
EE17B072,9.44,63
EE17B073,9.64,63
EE17B101,7.26,63
EE17B102,9.14,63
EE17B103,8.12,63
EE17B104,8.05,63
EE17B105,7.88,63
EE17B106,8.83,63
EE17B107,7.83,63
EE17B108,8.25,63
EE17B109,8.72,63
EE17B110,9.10,63
EE17B111,8.05,63
EE17B112,6.96,63
EE17B113,8.80,63
EE17B114,8.51,63
EE17B115,8.76,63
EE17B116,8.76,63
EE17B117,7.66,63
EE17B118,6.28,63
EE17B119,9.42,63
EE17B120,9.17,63
EE17B121,8.51,63
EE17B122,6.88,63
EE17B123,8.73,63
EE17B124,8.12,63
EE17B125,8.05,63
EE17B126,9.00,63
EE17B127,6.29,63
EE17B128,2.96,63
EE17B129,6.85,63
EE17B130,8.56,63
EE17B131,7.00,63
EE17B132,8.00,63
EE17B133,6.51,63
EE17B134,7.75,63
EE17B135,7.81,63
EE17B136,8.66,63
EE17B137,8.32,63
EE17B138,8.80,63
EE17B139,4.39,63
EE17B140,8.29,63
EE17B141,9.27,63
EE17B142,6.85,63
EE17B143,8.39,63
EE17B144,8.12,63
EE17B145,9.54,63
EE17B146,8.32,63
EE17B147,9.17,63
EE17B148,8.95,63
EE17B149,6.34,63
EE17B150,9.86,63
EE17B151,7.37,63
EE17B152,6.51,63
EE17B153,8.22,63
EE17B154,9.66,63
EE17B155,9.78,63
EE17B156,9.78,63
EE17B157,9.41,63
EE17B158,9.20,63
EE17B159,9.35,63
EP15B001,8.30,63
EP15B002,5.87,63
EP15B003,5.86,63
EP15B004,8.21,63
EP15B005,6.33,63
EP15B006,4.34,63
EP15B007,8.57,63
EP15B008,7.39,63
EP15B009,8.65,63
EP15B010,9.43,81
EP15B011,6.54,63
EP15B012,7.61,63
EP15B013,5.27,63
EP15B014,8.90,63
EP15B015,8.34,63
EP15B016,6.85,63
EP15B017,8.17,63
EP15B018,6.23,63
EP15B019,7.36,63
EP15B020,9.83,63
EP15B021,3.48,63
EP15B022,2.15,63
EP15B023,8.56,63
EP15B024,7.67,63
EP15B025,5.98,63
EP15B026,7.58,63
EP15B027,7.97,63
EP15B028,7.11,63
EP15B029,9.64,63
EP15B030,7.68,63
EP15B031,8.86,63
EP16B001,6.58,63
EP16B002,7.73,63
EP16B003,7.58,63
EP16B004,8.25,63
EP16B005,8.69,63
EP16B006,7.78,63
EP16B007,7.45,63
EP16B008,8.16,63
EP16B009,8.00,63
EP16B010,6.96,63
EP16B011,8.95,63
EP16B012,7.26,63
EP16B013,8.94,63
EP16B014,8.18,63
EP16B015,9.43,63
EP16B016,4.32,63
EP16B017,6.40,63
EP16B018,3.98,63
EP16B019,9.45,63
EP16B020,8.29,63
EP16B021,3.15,63
EP16B022,8.58,63
EP16B023,4.35,63
EP16B024,8.07,63
EP16B025,5.20,63
EP16B026,7.86,63
EP16B027,8.24,63
EP16B028,7.74,63
EP16B029,8.63,63
EP16B030,8.17,63
EP17B001,9.18,63
EP17B002,7.70,63
EP17B003,6.79,63
EP17B004,8.79,63
EP17B005,9.39,63
EP17B006,8.03,63
EP17B007,8.03,63
EP17B008,4.12,63
EP17B009,8.24,63
EP17B010,7.58,63
EP17B011,9.52,63
EP17B012,9.93,63
EP17B013,6.55,63
EP17B014,9.75,63
EP17B015,5.85,63
EP17B016,0.1,63
EP17B017,8.88,63
EP17B018,9.09,63
EP17B019,8.88,63
EP17B020,7.55,63
EP17B021,8.18,63
EP17B022,7.58,63
EP17B023,3.37,63
EP17B024,2.68,63
EP17B025,7.27,63
EP17B026,7.21,63
EP17B027,8.18,63
EP17B028,9.64,63
EP17B029,8.79,63
EP17B030,6.52,63
ME15B001,8.07,63
ME15B002,8.47,63
ME15B003,8.74,81
ME15B004,8.82,81
ME15B005,8.77,81
ME15B006,8.04,63
ME15B007,8.82,81
ME15B008,5.50,63
ME15B009,8.82,63
ME15B010,7.91,63
ME15B011,9.60,81
ME15B012,6.37,63
ME15B013,7.10,63
ME15B014,7.65,63
ME15B015,8.46,63
ME15B016,5.91,63
ME15B017,6.68,63
ME15B018,9.10,63
ME15B019,8.74,63
ME15B020,7.20,63
ME15B021,7.98,63
ME15B022,7.87,63
ME15B023,9.25,63
ME15B024,6.99,63
ME15B025,7.71,63
ME15B026,7.61,63
ME15B027,8.05,63
ME15B028,4.07,63
ME15B029,8.38,63
ME15B030,4.53,63
ME15B031,8.83,81
ME15B032,6.60,63
ME15B033,7.48,63
ME15B034,8.91,63
ME15B035,7.41,63
ME15B036,9.49,63
ME15B037,7.21,63
ME15B038,8.41,63
ME15B039,7.12,63
ME15B040,4.41,63
ME15B041,9.10,63
ME15B042,6.17,63
ME15B043,8.58,63
ME15B044,9.10,63
ME15B045,8.75,81
ME15B046,8.87,63
ME15B047,8.96,63
ME15B048,8.48,63
ME15B049,6.03,63
ME15B050,5.80,63
ME15B051,8.22,63
ME15B052,7.78,63
ME15B053,9.08,63
ME15B054,7.89,63
ME15B055,9.02,63
ME15B056,8.14,63
ME15B057,8.62,63
ME15B058,7.81,63
ME15B059,8.20,63
ME15B060,8.52,63
ME15B061,8.63,63
ME15B062,5.70,63
ME15B063,8.07,63
ME15B064,7.77,63
ME15B065,7.18,63
ME15B066,7.20,63
ME15B067,8.20,63
ME15B068,7.08,63
ME15B069,8.28,63
ME15B070,8.85,81
ME15B071,7.86,63
ME15B072,7.29,63
ME15B073,7.15,63
ME15B074,8.47,63
ME15B075,6.16,63
ME15B076,9.62,81
ME15B077,8.34,63
ME15B079,8.62,63
ME15B080,6.81,63
ME15B081,7.70,63
ME15B082,8.37,63
ME15B083,7.20,63
ME15B084,8.20,63
ME15B085,3.88,63
ME15B086,8.30,63
ME15B087,8.99,81
ME15B088,7.89,63
ME15B089,8.26,63
ME15B090,8.81,63
ME15B091,7.61,63
ME15B092,6.35,63
ME15B093,6.11,63
ME15B094,6.56,63
ME15B095,9.17,63
ME15B096,8.41,63
ME15B097,5.61,63
ME15B098,6.72,63
ME15B099,8.91,63
ME15B100,6.71,63
ME15B101,8.11,63
ME15B102,8.40,63
ME15B103,9.88,63
ME15B104,7.09,63
ME15B105,8.31,63
ME15B106,8.02,63
ME15B107,7.80,63
ME15B108,7.54,63
ME15B109,7.35,63
ME15B110,8.67,63
ME15B111,5.88,63
ME15B112,9.56,63
ME15B113,7.63,63
ME15B114,8.63,81
ME15B115,8.24,63
ME15B116,7.90,63
ME15B117,5.29,63
ME15B118,8.44,63
ME15B119,8.57,63
ME15B120,8.26,63
ME15B121,2.97,63
ME15B122,6.24,63
ME15B123,8.25,63
ME15B124,7.10,63
ME15B125,9.66,63
ME15B126,8.25,63
ME15B127,4.27,63
ME15B128,7.14,63
ME15B129,8.25,63
ME15B130,8.00,63
ME15B131,4.65,63
ME15B132,6.61,63
ME15B133,8.05,63
ME15B134,7.50,63
ME15B135,5.00,63
ME15B136,9.50,63
ME15B137,8.80,63
ME15B138,9.63,63
ME15B139,8.27,63
ME15B140,8.69,63
ME15B141,6.82,63
ME15B142,5.33,63
ME15B143,7.48,63
ME15B144,8.21,63
ME15B145,7.56,63
ME15B146,8.10,63
ME15B147,9.04,63
ME15B148,7.83,63
ME15B149,7.31,63
ME15B150,8.81,81
ME15B151,9.55,63
ME15B152,9.55,63
ME15B153,8.48,81
ME15B154,8.82,81
ME15B155,8.57,63
ME15B156,8.44,63
ME15B157,9.50,63
ME15B158,9.40,63
ME15B159,8.83,81
ME15B160,9.12,63
ME15B161,8.49,63
ME15B162,9.10,81
ME15B163,9.12,63
ME15B164,9.00,63
ME15B165,9.14,63
ME15B166,9.19,63
ME15B167,9.63,63
ME16B001,5.99,63
ME16B002,8.82,63
ME16B003,6.82,63
ME16B004,7.98,63
ME16B005,8.07,63
ME16B006,1.88,63
ME16B007,3.02,63
ME16B008,4.68,63
ME16B009,5.10,63
ME16B010,6.97,63
ME16B011,9.65,63
ME16B012,9.15,63
ME16B013,8.38,63
ME16B014,8.06,63
ME16B015,8.62,63
ME16B016,7.20,63
ME16B017,6.86,63
ME16B018,7.73,63
ME16B019,7.49,63
ME16B020,4.81,63
ME16B021,6.53,63
ME16B022,8.61,63
ME16B023,7.77,63
ME16B024,9.13,63
ME16B025,7.85,63
ME16B026,6.44,63
ME16B027,9.46,63
ME16B028,6.08,63
ME16B029,7.11,63
ME16B030,9.02,63
ME16B031,9.13,63
ME16B032,8.96,63
ME16B033,5.01,63
ME16B034,7.72,63
ME16B035,3.75,63
ME16B036,9.23,63
ME16B037,7.05,63
ME16B038,5.16,63
ME16B039,9.09,63
ME16B040,7.56,63
ME16B041,8.51,63
ME16B042,4.46,63
ME16B043,8.30,63
ME16B044,8.73,63
ME16B045,8.42,63
ME16B046,8.52,63
ME16B047,9.34,63
ME16B048,8.58,63
ME16B049,7.24,63
ME16B050,8.45,63
ME16B051,9.43,63
ME16B052,8.06,63
ME16B053,7.46,63
ME16B054,8.92,63
ME16B055,5.95,63
ME16B056,7.44,63
ME16B057,9.36,63
ME16B058,8.15,63
ME16B059,8.56,63
ME16B060,8.20,63
ME16B061,7.66,63
ME16B062,7.21,63
ME16B063,8.79,63
ME16B064,4.00,63
ME16B065,9.53,63
ME16B066,4.71,63
ME16B067,8.26,63
ME16B068,7.62,63
ME16B069,7.87,63
ME16B070,7.98,63
ME16B071,9.33,63
ME16B072,8.38,63
ME16B073,7.63,63
ME16B074,8.79,63
ME16B075,8.61,63
ME16B076,9.51,63
ME16B077,9.14,63
ME16B078,8.82,63
ME16B101,7.83,63
ME16B102,3.85,63
ME16B103,6.99,63
ME16B104,6.72,63
ME16B105,3.09,63
ME16B106,3.44,63
ME16B107,9.92,63
ME16B108,2.65,63
ME16B109,5.06,63
ME16B110,3.82,63
ME16B111,8.22,63
ME16B112,7.73,63
ME16B113,6.50,63
ME16B114,7.80,63
ME16B115,5.46,63
ME16B116,6.47,63
ME16B117,9.57,63
ME16B118,6.65,63
ME16B119,8.86,63
ME16B120,7.78,63
ME16B121,9.36,63
ME16B122,6.04,63
ME16B123,8.45,63
ME16B124,8.69,63
ME16B125,9.03,63
ME16B126,8.08,63
ME16B127,9.22,63
ME16B128,8.83,63
ME16B129,7.87,63
ME16B130,7.64,63
ME16B131,2.98,63
ME16B132,7.40,63
ME16B133,7.33,63
ME16B134,5.80,63
ME16B135,8.74,63
ME16B136,6.12,63
ME16B137,7.98,63
ME16B138,7.77,63
ME16B139,7.66,63
ME16B140,8.02,63
ME16B141,7.12,63
ME16B142,7.78,63
ME16B143,7.19,63
ME16B144,9.45,63
ME16B145,7.95,63
ME16B146,8.37,63
ME16B147,8.93,63
ME16B148,9.30,63
ME16B149,7.51,63
ME16B150,9.29,63
ME16B151,2.06,63
ME16B152,8.19,63
ME16B153,7.70,63
ME16B154,2.51,63
ME16B155,4.90,63
ME16B156,7.97,63
ME16B157,6.52,63
ME16B158,6.05,63
ME16B159,2.60,63
ME16B160,8.22,63
ME16B161,8.71,63
ME16B162,8.08,63
ME16B163,5.60,63
ME16B164,9.07,63
ME16B165,7.81,63
ME16B166,9.16,63
ME16B167,8.20,63
ME16B168,8.76,63
ME16B169,8.46,63
ME16B170,8.50,63
ME16B171,7.96,63
ME16B172,8.95,63
ME16B173,8.87,63
ME16B174,8.84,63
ME16B175,9.06,63
ME16B176,8.78,63
ME16B177,8.75,63
ME16B178,8.57,63
ME16B179,8.18,63
ME16B180,8.56,63
ME17B001,7.94,63
ME17B002,8.78,63
ME17B003,2.79,63
ME17B004,7.87,63
ME17B005,7.85,63
ME17B006,7.49,63
ME17B007,8.58,63
ME17B008,6.78,63
ME17B009,8.12,63
ME17B010,7.00,63
ME17B011,8.22,63
ME17B012,7.12,63
ME17B013,9.49,63
ME17B014,7.88,63
ME17B015,8.22,63
ME17B016,8.93,63
ME17B017,7.56,63
ME17B018,8.66,63
ME17B019,6.61,63
ME17B020,0.00,63
ME17B021,7.79,63
ME17B022,5.66,63
ME17B023,7.81,63
ME17B024,8.00,63
ME17B025,7.92,63
ME17B026,8.92,63
ME17B027,8.39,63
ME17B028,8.98,63
ME17B029,3.64,63
ME17B030,8.29,63
ME17B031,7.90,63
ME17B032,7.72,63
ME17B033,9.04,63
ME17B034,8.54,63
ME17B035,8.78,63
ME17B036,8.12,63
ME17B037,7.19,63
ME17B038,8.86,63
ME17B039,9.12,63
ME17B040,7.68,63
ME17B041,9.17,63
ME17B042,7.39,63
ME17B043,8.54,63
ME17B044,4.93,63
ME17B045,8.50,63
ME17B046,8.25,63
ME17B047,4.06,63
ME17B048,8.76,63
ME17B049,8.17,63
ME17B050,9.27,63
ME17B051,8.98,63
ME17B052,9.20,63
ME17B053,6.65,63
ME17B054,9.17,63
ME17B055,7.95,63
ME17B056,9.50,63
ME17B057,8.19,63
ME17B058,6.00,63
ME17B059,8.44,63
ME17B060,9.00,63
ME17B061,7.81,63
ME17B062,8.39,63
ME17B063,9.34,63
ME17B064,9.57,63
ME17B065,8.50,63
ME17B066,7.43,63
ME17B067,8.24,63
ME17B068,9.25,63
ME17B069,9.19,63
ME17B070,9.65,63
ME17B071,8.09,63
ME17B072,6.28,63
ME17B073,9.44,63
ME17B074,3.85,63
ME17B075,7.78,63
ME17B076,9.47,63
ME17B077,9.38,63
ME17B078,9.47,63
ME17B079,9.25,63
ME17B080,9.30,63
ME17B081,9.58,63
ME17B082,8.99,63
ME17B083,9.24,63
ME17B084,9.25,63
ME17B085,9.18,63
ME17B101,9.73,63
ME17B102,1.35,63
ME17B103,2.62,63
ME17B104,4.38,63
ME17B105,7.95,63
ME17B106,7.85,63
ME17B107,9.73,63
ME17B108,8.94,63
ME17B109,8.95,63
ME17B110,1.18,63
ME17B111,3.27,63
ME17B112,8.66,63
ME17B113,5.39,63
ME17B114,8.32,63
ME17B115,8.36,63
ME17B116,6.27,63
ME17B117,6.41,63
ME17B118,8.05,63
ME17B119,6.66,63
ME17B120,8.93,63
ME17B121,5.81,63
ME17B122,8.97,63
ME17B123,6.29,63
ME17B124,8.35,63
ME17B125,8.39,63
ME17B126,9.45,63
ME17B127,8.63,63
ME17B128,7.56,63
ME17B129,7.47,63
ME17B130,9.27,63
ME17B131,9.49,63
ME17B132,8.78,63
ME17B133,7.00,63
ME17B134,8.53,63
ME17B135,7.54,63
ME17B136,9.80,63
ME17B137,7.08,63
ME17B138,7.14,63
ME17B139,8.46,63
ME17B140,8.42,63
ME17B141,7.91,63
ME17B142,8.83,63
ME17B143,9.64,63
ME17B144,9.31,63
ME17B145,5.93,63
ME17B146,8.04,63
ME17B147,7.24,63
ME17B148,8.42,63
ME17B149,8.35,63
ME17B150,6.91,63
ME17B151,8.47,63
ME17B152,8.07,63
ME17B153,9.37,63
ME17B154,6.25,63
ME17B155,7.59,63
ME17B156,7.41,63
ME17B157,9.22,63
ME17B158,9.31,63
ME17B159,7.51,63
ME17B160,5.91,63
ME17B161,8.25,63
ME17B162,9.17,63
ME17B163,5.75,63
ME17B164,6.78,63
ME17B165,5.22,63
ME17B166,8.81,63
ME17B167,8.54,63
ME17B168,7.51,63
ME17B169,6.86,63
ME17B170,9.14,63
ME17B171,8.51,63
ME17B172,7.99,63
ME17B173,9.00,63
ME17B174,8.96,63
ME17B175,9.07,63
ME17B176,9.18,63
ME17B177,9.00,63
ME17B178,8.78,63
ME17B179,8.79,63
ME17B180,9.00,63
ME17B181,8.71,63
ME17B182,8.77,63
ME17B183,8.68,63
ME17B184,8.74,63
MM15B001,7.32,63
MM15B002,8.79,81
MM15B003,9.38,63
MM15B004,8.03,63
MM15B005,4.65,63
MM15B006,6.05,63
MM15B007,3.88,63
MM15B008,6.11,63
MM15B009,8.41,63
MM15B010,5.55,63
MM15B011,7.77,63
MM15B012,8.88,63
MM15B013,6.34,63
MM15B014,8.18,63
MM15B015,7.72,63
MM15B016,6.87,63
MM15B017,6.24,63
MM15B018,8.39,63
MM15B019,6.49,63
MM15B020,9.35,81
MM15B021,7.61,63
MM15B022,9.12,81
MM15B023,7.66,63
MM15B024,5.62,63
MM15B025,3.96,63
MM15B026,7.88,63
MM15B027,9.57,63
MM15B028,9.86,63
MM15B029,7.63,63
MM15B030,8.76,63
MM15B031,7.53,63
MM15B032,7.03,63
MM15B033,9.24,63
MM15B034,8.68,63
MM15B035,8.91,63
MM15B036,8.10,63
MM15B037,9.62,63
MM15B038,8.67,63
MM15B039,7.79,63
MM15B040,8.58,63
MM15B041,8.01,63
MM15B042,8.19,63
MM15B043,8.46,63
MM15B044,7.59,63
MM15B046,6.01,63
MM15B047,5.35,63
MM15B048,8.75,63
MM15B049,8.25,63
MM16B001,5.82,63
MM16B002,5.97,63
MM16B003,2.33,63
MM16B004,5.53,63
MM16B005,4.23,63
MM16B006,3.63,63
MM16B007,9.32,63
MM16B008,9.32,63
MM16B009,8.56,63
MM16B010,9.65,63
MM16B012,8.13,63
MM16B013,7.16,63
MM16B014,8.52,63
MM16B015,9.35,63
MM16B016,6.99,63
MM16B017,8.52,63
MM16B018,8.78,63
MM16B019,8.99,63
MM16B020,5.02,63
MM16B021,8.24,63
MM16B022,7.12,63
MM16B023,9.25,63
MM16B024,6.10,63
MM16B025,8.22,63
MM16B026,6.52,63
MM16B027,8.74,63
MM16B028,8.60,63
MM16B029,8.61,63
MM16B030,8.93,63
MM16B031,7.65,63
MM16B032,9.43,63
MM16B033,8.24,63
MM16B034,8.04,63
MM16B035,7.82,63
MM16B036,9.70,63
MM16B101,9.26,63
MM16B102,2.53,63
MM16B103,6.70,63
MM16B104,7.93,63
MM16B105,7.21,63
MM16B106,9.13,63
MM16B107,8.60,63
MM16B108,8.46,63
MM16B109,6.79,63
MM16B111,7.50,63
MM16B112,7.34,63
MM16B113,6.78,63
MM16B114,8.22,63
MM17B001,8.00,63
MM17B002,1.84,63
MM17B003,7.39,63
MM17B004,2.30,63
MM17B005,9.70,63
MM17B006,4.26,63
MM17B007,5.00,63
MM17B008,7.64,63
MM17B009,7.11,63
MM17B010,8.75,63
MM17B011,8.21,63
MM17B012,6.82,63
MM17B013,8.04,63
MM17B014,7.43,63
MM17B015,8.21,63
MM17B016,1.70,63
MM17B017,6.43,63
MM17B018,0.21,63
MM17B019,5.68,63
MM17B020,7.96,63
MM17B021,7.25,63
MM17B022,6.25,63
MM17B023,8.36,63
MM17B024,7.50,63
MM17B025,8.14,63
MM17B026,8.04,63
MM17B027,7.00,63
MM17B028,4.93,63
MM17B029,6.46,63
MM17B030,9.22,63
MM17B031,9.00,63
MM17B032,8.64,63
MM17B034,8.04,63
MM17B035,5.29,63
MM17B036,8.32,63
MM17B037,4.57,63
MM17B101,8.14,63
MM17B102,6.29,63
MM17B103,8.25,63
MM17B104,4.24,63
MM17B105,8.57,63
MM17B106,6.93,63
MM17B107,8.83,63
MM17B108,8.04,63
MM17B109,0.1,63
MM17B110,7.75,63
MM17B111,5.64,63
MM17B112,2.67,63
MM17B113,7.25,63
NA15B001,7.76,63
NA15B002,6.99,63
NA15B003,8.85,81
NA15B004,5.43,63
NA15B005,7.37,63
NA15B006,7.30,63
NA15B007,6.99,63
NA15B008,8.63,63
NA15B009,9.37,63
NA15B010,8.34,63
NA15B011,6.48,63
NA15B012,9.22,81
NA15B013,7.70,63
NA15B014,5.48,63
NA15B015,9.34,63
NA15B016,7.20,63
NA15B017,7.08,63
NA15B018,8.25,63
NA15B019,6.92,63
NA15B020,7.04,63
NA15B021,7.45,63
NA15B022,9.08,81
NA15B023,8.11,63
NA15B024,4.96,63
NA15B025,6.25,63
NA15B026,9.46,63
NA15B028,7.82,63
NA15B029,6.85,63
NA15B030,3.92,63
NA15B031,8.08,63
NA15B032,8.01,63
NA15B033,8.39,63
NA15B034,6.99,63
NA15B035,9.37,63
NA15B036,8.46,63
NA15B037,8.34,63
NA15B038,8.11,63
NA15B039,9.27,63
NA15B040,7.26,63
NA15B041,7.05,63
NA15B042,5.93,63
NA15B043,6.48,63
NA15B044,6.09,63
NA15B045,4.56,63
NA15B046,7.88,63
NA15B047,7.93,63
NA15B048,5.84,63
NA15B049,5.29,63
NA16B001,9.72,63
NA16B003,7.16,63
NA16B004,3.29,63
NA16B005,7.45,63
NA16B006,8.90,63
NA16B007,7.11,63
NA16B008,2.42,63
NA16B009,8.05,63
NA16B010,8.19,63
NA16B011,7.98,63
NA16B012,4.35,63
NA16B013,7.67,63
NA16B014,7.69,63
NA16B015,5.76,63
NA16B016,5.96,63
NA16B017,7.62,63
NA16B018,6.68,63
NA16B019,7.45,63
NA16B020,8.70,63
NA16B021,3.20,63
NA16B022,7.57,63
NA16B023,7.07,63
NA16B024,7.03,63
NA16B025,6.72,63
NA16B026,8.79,63
NA16B027,6.84,63
NA16B028,7.67,63
NA16B029,8.11,63
NA16B030,8.10,63
NA16B031,7.28,63
NA16B032,7.74,63
NA16B033,7.53,63
NA16B034,8.86,63
NA16B035,9.07,63
NA16B036,6.09,63
NA16B037,6.88,63
NA16B038,5.49,63
NA16B039,7.71,63
NA16B040,9.83,63
NA16B101,6.51,63
NA16B102,8.09,63
NA16B103,4.73,63
NA16B104,7.07,63
NA16B105,8.93,63
NA16B106,6.62,63
NA16B107,5.73,63
NA16B108,8.23,63
NA16B109,3.83,63
NA16B110,7.95,63
NA16B111,3.15,63
NA16B112,7.98,63
NA16B113,5.34,63
NA16B114,2.49,63
NA16B115,8.39,63
NA16B116,7.99,63
NA16B117,8.84,63
NA16B118,7.50,63
NA16B119,7.01,63
NA17B001,9.55,63
NA17B002,4.62,63
NA17B003,5.36,63
NA17B004,8.51,63
NA17B005,5.92,63
NA17B006,1.86,63
NA17B007,4.95,63
NA17B008,7.46,63
NA17B009,4.69,63
NA17B010,4.87,63
NA17B011,8.53,63
NA17B012,6.03,63
NA17B013,8.33,63
NA17B014,8.38,63
NA17B015,3.41,63
NA17B016,3.10,63
NA17B017,7.15,63
NA17B018,9.48,63
NA17B019,6.41,63
NA17B020,7.36,63
NA17B021,8.97,63
NA17B022,1.59,63
NA17B023,9.14,63
NA17B024,7.97,63
NA17B025,5.49,63
NA17B026,7.92,63
NA17B027,4.76,63
NA17B028,5.59,63
NA17B029,7.72,63
NA17B030,8.21,63
NA17B031,7.82,63
NA17B032,8.85,63
NA17B033,6.78,63
NA17B034,8.60,63
NA17B035,7.10,63
NA17B036,7.69,63
NA17B101,4.74,63
NA17B102,9.00,63
NA17B103,4.67,63
NA17B104,7.78,63
NA17B105,8.56,63
NA17B106,5.82,63
NA17B107,7.85,63
NA17B108,4.08,63
NA17B109,7.36,63
NA17B110,4.99,63
NA17B111,8.10,63
NA17B112,7.94,63
NA17B113,9.03,63
NA17B114,8.56,63
NA17B115,7.92,63
NA17B116,8.32,63
NA17B117,7.10,63
NA17B118,8.83,63
PH15B001,8.06,63
PH15B004,6.16,63
PH15B005,7.35,63
PH15B006,7.85,63
PH15B007,8.33,63
PH15B008,8.95,63
PH15B009,5.98,63
PH16B001,4.29,63
PH16B002,9.29,63
PH16B003,6.89,63
PH16B004,6.40,63
PH16B005,6.82,63
PH16B006,8.99,63
PH16B007,9.48,63
PH16B008,7.28,63
PH16B009,7.35,63
PH16B010,6.10,63
PH16B011,5.68,63
PH17B001,5.82,63
PH17B002,7.48,63
PH17B004,8.64,63
PH17B006,3.63,63
PH17B007,8.30,63
PH17B008,8.56,63
PH17B009,5.85,63
PH17B010,7.42,63
PH17B011,9.15,63
