AE15B001,HS3002,HS1090,HS1110,HS4006
AE15B002,HS3002C,HS3002B,HS5930,HS3002A,HS3002D,HS3002
AE15B003,HS3002,HS3002A,HS3002B,HS3002C,HS3002D,HS1090,HS1110,HS4002,HS5920,HS4005,HS3280
AE15B005,HS3002,HS3002A,HS3002B,HS3002C,HS3002D,HS4006,HS2050,HS1110,HS1090,HS5920,HS5070
AE15B006,HS3002,HS3002A,HS3002B,HS3002C,HS3002D,HS5930,HS2050,HS4540,HS1090,HS1090+,HS4002,HS5070
AE15B007,HS3002,HS3002A,HS3002B,HS3002C,HS3002D,HS1110,HS1090,HS1090+,HS5070,HS4006,HS2050
AE15B008,HS5930,HS4006,HS5070,HS1090,HS1090+,HS1110,HS2050,HS4002,HS3002,HS4005,HS4540
AE15B009,HS1110,HS3002,HS3002A,HS3002B,HS3002C,HS3002D,HS1090,HS3280,HS5930,HS4540,HS1090+,HS5070,HS4005,HS4002,HS3420A,HS4006,HS5920,HS2050
AE15B010,HS1090,HS3002,HS2050,HS4006,HS5070,HS4540,HS3280,HS4005,HS4002,HS5930
AE15B011,HS1110,HS3002,HS1090,HS5930,HS5070,HS4002,HS5920,HS3280,HS4005,HS4540
AE15B012,HS1110,HS1090,HS3002,HS3002A,HS3002B,HS1090+,HS5070,HS4006,HS5930,HS3002C,HS3002D,HS3420A,HS5920,HS2050
AE15B013,HS3002,HS3002A,HS3002B,HS3002C,HS3002D,HS4006,HS2050,HS1090,HS1090+,HS1110,HS4005,HS5070,HS5930,HS5920
AE15B014,HS2050,HS4002,HS1090,HS1090+,HS4006,HS5930,HS4540,HS3002,HS3002A
AE15B015,HS5920,HS3002,HS3002A,HS3002B,HS3002C,HS3002D,HS5070,HS4006,HS1090,HS1090+
AE15B016,HS3002,HS3002A,HS3002B,HS3002C,HS3002D,HS4006,HS2050,HS1090,HS1090+,HS1110,HS4005,HS5070,HS5930,HS5920
AE15B017,HS3002B,HS3002A,HS3002D,HS3002,HS3002C,HS5070,HS1090,HS1110,HS3280,HS5930
AE15B018,HS1110,HS1090,HS1090+,HS3280,HS4002,HS2050,HS4540,HS4006,HS4005,HS5070
AE15B019,HS5930,HS5920,HS4002,HS4005,HS2050,HS4540,HS5070
AE15B020,HS3002,HS2050,HS1110,HS1090,HS5920
AE15B021,HS3002,HS3002A,HS3002B,HS3002C,HS3002D,HS4006,HS2050,HS1110,HS1090,HS1090+,HS5920
AE15B022,HS3002,HS3002A,HS3002B,HS3002C,HS3002D,HS4006,HS2050,HS1090,HS1090+,HS1110,HS4005,HS5070,HS5930,HS5920
AE15B023,HS1110,HS3002,HS1090,HS5070,HS4002,HS5930,HS5920,HS3280,HS4005,HS3420
AE15B025,HS1090,HS1090+,HS1110,HS5930,HS3002,HS3002A,HS3002B,HS3002C,HS3002D,HS4006
AE15B026,HS1090,HS1090+,HS1110,HS3002,HS2050,HS4002,HS4006,HS5930,HS4540,HS5070
AE15B029,HS3002,HS1110,HS1090,HS4002,HS4540,HS4005,HS5930,HS5920,HS5070,HS4006,HS2050,HS3280,HS3002A,HS3002B,HS3002C,HS3002D
AE15B030,HS3002,HS3002A,HS3002B,HS3002C,HS3002D,HS1110,HS1090,HS1090+,HS4002,HS4006,HS5930,HS5070,HS4005,HS5920
AE15B031,HS3002,HS3002A,HS3002B,HS3002C,HS3002D,HS5930,HS1090,HS1110
AE15B032,HS3002,HS3002A,HS3002B,HS3002C,HS3002D,HS4006,HS2050,HS1090,HS1090+,HS1110,HS4005,HS5070,HS5930,HS5920
AE15B033,HS3002,HS1090,HS1110,HS3002A,HS3002B,HS3002C,HS3002D,HS1090+,HS2050,HS3280,HS4540,HS5070,HS4005,HS4006,HS5920
AE15B034,HS1110,HS5930,HS2050,HS5920,HS3420A,HS4006,HS5070,HS1090,HS1090+,HS4005
AE15B035,HS3002,HS3002A,HS1110,HS3002B,HS3002C,HS3002D,HS1090,HS5930,HS2050,HS1090+
AE15B036,HS3002,HS3002A,HS3002B,HS3002C,HS3002D,HS5930,HS1090,HS1090+,HS1110,HS2050
AE15B038,HS3002,HS3002A,HS3002B,HS3002C,HS3002D,HS5930,HS1090,HS1090+,HS1110,HS2050
AE15B039,HS1110,HS1090,HS1090+,HS5070,HS3002,HS3002A,HS3002B,HS3002D,HS3002C,HS5930
AE15B040,HS3002,HS3002A,HS3002B,HS3002C,HS3002D,HS4006,HS2050,HS1090,HS1090+,HS1110
AE15B042,HS2050,HS4002,HS3280,HS4006,HS4540,HS1110,HS1090,HS1090+,HS3002,HS3002A,HS3002B,HS3002C,HS3002D,HS4005,HS3420A,HS5070,HS5920,HS5930
AE15B043,HS3002,HS3002A,HS3002B,HS3002C,HS3002D,HS1090,HS1090+,HS1110,HS2050,HS4006
AE15B044,HS1090,HS1090+,HS1110,HS5930,HS3002,HS3002A,HS3002B,HS3002C,HS3002D
AE15B045,HS3002,HS3002A,HS3002B,HS3002C,HS3002D,HS2050,HS1090,HS1110,HS5070,HS5920
AE15B046,HS1090,HS3002,HS2050,HS4002,HS4005,HS1110,HS4540,HS5920,HS5930,HS4006
AE15B049,HS4002,HS1090,HS1110,HS2050,HS4006,HS3420A,HS5930,HS5920,HS3280,HS4540
AE15B050,HS3002D,HS3002C,HS3002B,HS3002A,HS3002,HS4540,HS5070,HS4005,HS1090,HS1090+,HS1110,HS4006,HS2050,HS5920,HS4002
AE15B051,HS1110,HS1090,HS3002,HS2050,HS4006,HS5070,HS5930,HS4002,HS3420A,HS4540
AE15B053,HS3002,HS3002A,HS3002C,HS3002B,HS3002D,HS5930,HS1090,HS1090+,HS4002,HS3420A
AE15B055,HS5920,HS3002,HS3002A,HS3002B,HS3002C,HS3002D,HS5930,HS1090,HS4006,HS4002
AE15B056,HS3002,HS3002A,HS3002B,HS3002C,HS3002D,HS1090,HS3420A,HS4002,HS5930,HS4006
AE15B058,HS3002,HS5930,HS1110,HS5070,HS4006,HS4002,HS4540,HS5920,HS4005,HS3280
AE15B059,HS1090,HS1090+,HS1110,HS2050,HS3002,HS3002A,HS3002B,HS3002C,HS3002D,HS5070,HS5930,HS5920,HS4002
BE15B004,HS3002,HS3002A,HS3002B,HS3002C,HS3002D,HS1090,HS1090+,HS1110,HS4006,HS2050,HS5070,HS3420A,HS5930,HS4540,HS3280,HS4005,HS5920,HS4002
BE15B005,HS3002,HS3002A,HS3002B,HS3002C,HS3002D,HS4006,HS5070,HS5930,HS2050,HS1090,HS1090+,HS1110,HS3420A,HS4540,HS4002
BE15B006,HS3002,HS3002A,HS3002B,HS3002C,HS3002D,HS5070,HS3280,HS4006,HS4005,HS1110,HS1090,HS1090+,HS2050,HS4540,HS4002,HS5930,HS3420A,HS5920
BE15B007,HS1090+,HS1090,HS1110,HS5930,HS3420A,HS4540,HS4005,HS2050,HS5070,HS4006,HS3002,HS3002A,HS3002B,HS3002C,HS3002D,HS4002,HS5920,HS3280
BE15B008,HS3002,HS3002B,HS3002D,HS3002A,HS3002C,HS1090+,HS1090,HS5930,HS4002,HS2050
BE15B009,HS1090+,HS1090,HS1110,HS2050,HS5070
BE15B011,HS3002,HS3002A,HS3002B,HS3002C,HS3002D,HS5930,HS4540,HS1090,HS1090+,HS1110,HS3420A,HS5070,HS2050,HS4006,HS4005,HS5920,HS4002,HS3280
BE15B012,HS3002,HS3002B,HS3002D,HS3002A,HS3002C,HS1090+,HS1090,HS5930,HS2050,HS3420A,HS1110,HS4002
BE15B013,HS3002A,HS3002B,HS3002C,HS3002D,HS1110,HS1090,HS2050,HS5930,HS4006,HS5070
BE15B014,HS3002,HS3002A,HS3002B,HS3002C,HS3002D,HS5920,HS4002,HS5930,HS3280,HS4005,HS4006,HS3420A,HS4540,HS5070,HS1110
BE15B015,HS3002,HS3002A,HS3002B,HS3002C,HS3002D,HS2050,HS4006,HS5070,HS1110,HS1090,HS1090+,HS4540,HS4002,HS3420A,HS5930
BE15B017,HS1110,HS1090,HS1090+,HS5070,HS3002,HS3002A,HS3002B,HS3002C,HS3002D,HS5930,HS4006,HS4005,HS4002
BE15B018,HS3002,HS3002A,HS3002B,HS3002C,HS3002D,HS5920,HS4006,HS2050,HS1090,HS1090+,HS1110,HS3420A,HS3280,HS4002,HS4540,HS5070,HS5930,HS4005
BE15B019,HS3002D,HS3002C,HS5930,HS3002B,HS3002A,HS1110,HS1090,HS2050,HS3002,HS4006,HS1090+,HS5070,HS4002,HS4540,HS4005,HS3420A,HS3280,HS5920
BE15B021,HS1110,HS1090,HS1090+,HS3002,HS3002A,HS3002B,HS3002C,HS3002D,HS2050,HS4006,HS4540,HS4002
BE15B022,HS3002B,HS3002,HS3002A,HS3002D,HS3002C,HS1090,HS1090+,HS1110,HS2050,HS3280,HS3420A,HS4002,HS4540,HS5070,HS5930,HS5920,HS4005,HS4006
BE15B023,HS3002,HS3002B,HS3002D,HS3002A,HS3002C,HS1090+,HS1090,HS1110,HS5930,HS4006,HS2050,HS5070,HS5920,HS4002,HS4540,HS4005,HS3280,HS3420A
BE15B025,HS5930,HS3002,HS3002A,HS3002B,HS3002C,HS3002D,HS1090+,HS1090,HS1110,HS2050,HS4002,HS4540,HS4006,HS5070,HS4005,HS5920,HS3420A,HS3280
BE15B026,HS3002D,HS3002C,HS3002B,HS3002A,HS1090,HS1090+,HS1110
BE15B027,HS3002,HS3002D,HS3002C,HS3002A,HS3002B,HS1110,HS5930,HS1090,HS1090+,HS5070,HS3280,HS4005,HS4006,HS4540,HS5920,HS2050
BE15B028,HS1090,HS1090+,HS5930,HS5070,HS2050,HS5920,HS1110,HS3002,HS3002A,HS3002C,HS3002D,HS3420A,HS3280,HS4002,HS4540,HS4005,HS4006
BE15B029,HS5930,HS1090,HS1090+,HS1110,HS3002,HS3002A,HS3002B,HS3002C,HS3002D,HS4002,HS2050
BE15B030,HS1090,HS1090+,HS5920,HS4005,HS3280,HS2050,HS4002,HS4540,HS5070,HS3002
BE15B031,HS5920,HS4002,HS5930,HS3280,HS3002,HS3002A,HS3002B,HS3002C,HS3002D,HS4005,HS3420A,HS1090,HS1110
BS15B001,HS3002D,HS3002C,HS3002B,HS3002A,HS2050,HS1110,HS1090,HS1090+,HS4006,HS3280,HS4002,HS5070,HS4005,HS3420A
BS15B002,HS3002,HS3002A,HS3002B,HS3002C,HS3002D,HS4002,HS5070,HS4005,HS2050,HS4540,HS5920,HS5930
BS15B003,HS3002,HS3002A,HS3002B,HS3002C,HS3002D,HS4002,HS5070,HS4540,HS2050,HS5920,HS4005,HS5930,HS3280,HS3420A,HS1090,HS1110,HS1090+
BS15B004,HS3002,HS3002A,HS3002B,HS3002C,HS3002D,HS1110,HS5930,HS3420A,HS2050,HS3280
BS15B005,HS2050,HS4006,HS3002A,HS3002,HS3002B,HS3002C,HS3002D,HS3420A,HS5070,HS1110,HS4002,HS4540,HS1090+,HS1090,HS5930,HS5920,HS4005,HS3280
BS15B006,HS5930,HS2050,HS3002,HS3002A,HS3002B,HS3002C,HS3002D,HS1090,HS1090+,HS1110,HS4006,HS5070,HS4005,HS5920,HS3280,HS3420A,HS4002,HS4540
BS15B007,HS3002,HS3002A,HS3002B,HS3002C,HS3002D,HS1090,HS1110,HS2050,HS5930,HS4006,HS4005,HS5070,HS3420A,HS3280
BS15B008,HS3002,HS3002A,HS3002B,HS3002C,HS3002D,HS5070,HS2050,HS1090,HS1110
BS15B011,HS3002,HS3002A,HS3002B,HS3002C,HS3002D,HS2050,HS4540,HS4006,HS5070,HS4005,HS3280,HS1090,HS1090+,HS3420A,HS1110,HS5930,HS5920,HS4002
BS15B012,HS3002,HS3002A,HS3002B,HS3002C,HS3002D,HS2050,HS1090,HS1090+,HS1110,HS5930,HS4006,HS5070,HS4540,HS3420A,HS4002,HS5920,HS4005,HS3280
BS15B013,HS1110,HS1090,HS1090+,HS4002,HS5070,HS3002,HS3002A,HS3002B,HS3002C,HS3002D
BS15B014,HS4002,HS4540,HS5070,HS5920,HS5930,HS4005,HS2050,HS3002,HS3280,HS1110,HS1090
BS15B017,HS3002B,HS3002A,HS3002C,HS3002D,HS3002,HS5930,HS4540,HS4002,HS2050,HS3420A,HS5920,HS3280,HS1090,HS1090+,HS1110,HS5070,HS4006,HS4005
BS15B020,HS3420A,HS4002,HS4540,HS5070,HS5920,HS5930,HS4005,HS3002,HS3002A,HS3002B,HS3002C,HS3002D,HS3280,HS2050,HS1110,HS1090,HS1090+
BS15B022,HS3002,HS3002A,HS3002B,HS3002C,HS3002D,HS4540,HS2050,HS3420,HS3420A,HS1090,HS1090+,HS1110,HS4006,HS3280,HS4005,HS5930,HS4002,HS5070,HS5920
BS15B023,HS3002,HS3002A,HS3002B,HS3002C,HS3002D,HS4006,HS2050,HS3280,HS5930,HS4005,HS5070
BS15B024,HS3002,HS3002A,HS3002B,HS3002C,HS3002D,HS2050,HS1110,HS1090,HS1090+,HS4540,HS4005,HS4002,HS5930,HS5070
BS15B025,HS3002,HS3002A,HS3002B,HS3002C,HS3002D,HS4002,HS1090,HS1090+,HS1110,HS5920,HS4540,HS4005,HS3280,HS4006,HS5070,HS5930
BS15B027,HS5920,HS4002,HS4005,HS5070,HS1110,HS4540,HS5930,HS3002,HS3002A,HS3002B,HS3002C,HS3002D,HS1090,HS1090+,HS2050,HS3280,HS3420A
BS15B028,HS1090+,HS1090,HS1110,HS3002,HS3002A,HS3002B,HS3002C,HS3002D,HS5930,HS4540,HS4005,HS2050,HS4002
BS15B032,HS1090
CH15B001,HS3002,HS3002A,HS3002B,HS3002C,HS3002D,HS1110,HS1090,HS1090+,HS5920
CH15B002,HS3002,HS3002A,HS3002B,HS3002C,HS3002D,HS1090,HS1090+,HS1110,HS4006,HS5070,HS3420A,HS5930,HS3280,HS4002,HS2050,HS4540,HS4005,HS5920
CH15B003,HS3002,HS3002A,HS3002B,HS3002C,HS3002D,HS1090,HS1090+,HS1110,HS5070,HS4006,HS4005,HS3280,HS4002,HS5920,HS3420A,HS4540,HS5930,HS2050
CH15B004,HS3002,HS3002A,HS3002B,HS3002C,HS3002D,HS1090,HS1090+,HS1110,HS5930
CH15B005,HS5070,HS3002,HS5930,HS1090,HS4006,HS3002A,HS3002B,HS3002C,HS3002D,HS3420A
CH15B006,HS3002D,HS3002,HS3002B,HS3002A,HS3002C,HS2050,HS5930,HS1110,HS1090,HS1090+,HS3280,HS5070,HS4006,HS4540,HS4005,HS5920,HS4002,HS3420A
CH15B007,HS3002B,HS3002C,HS3002A,HS3002,HS3002D,HS4006,HS5930,HS5070,HS5920,HS4540
CH15B008,HS3002B,HS3002C,HS3002A,HS3002,HS3002D,HS4006,HS5930,HS4540,HS5070,HS2050,HS5920,HS4002
CH15B009,HS5070,HS5920,HS5930,HS3002,HS3002A,HS3002B,HS3002C,HS4005,HS2050,HS3420A
CH15B010,HS3002,HS1090,HS5930,HS4006,HS1110,HS5070,HS2050,HS3280,HS4005,HS5920
CH15B011,HS3002,HS3002A,HS3002B,HS3002C,HS3002D,HS1090,HS1090+,HS1110,HS5930
CH15B012,HS3002,HS5920,HS4002
CH15B013,HS5920
CH15B014,HS4006,HS5070,HS1090,HS1090+,HS1110,HS3002,HS3002A,HS3002B,HS3002C,HS3002D,HS3280
CH15B016,HS3002,HS3002A,HS3002B,HS3002C,HS3002D,HS1090,HS1110,HS4002,HS5070,HS3280
CH15B017,HS3002A,HS3002B,HS4005,HS4540,HS4006,HS4002,HS3002D,HS1090,HS1090+,HS1110,HS5920,HS5930
CH15B018,HS3002,HS3002A,HS3002B,HS3002C,HS3002D
CH15B019,HS3002B,HS3002C,HS3002A,HS3002,HS3002D,HS1090+,HS1090,HS4006,HS1110,HS4540,HS4002,HS3280,HS3420A,HS4005,HS5070,HS5930,HS5920,HS2050
CH15B021,HS1090+,HS1090,HS3002B,HS3002C,HS3002A,HS3002,HS3002D,HS1110,HS5070,HS5930,HS4002,HS3420A,HS4006,HS4540,HS2050,HS4005,HS3280,HS5920
CH15B022,HS3002,HS3002B,HS3002D,HS3002A,HS3002C,HS1110,HS1090,HS1090+,HS5930,HS5920,HS3420A,HS3280,HS5070,HS4002,HS4540,HS4005,HS2050
CH15B024,HS5920,HS4540,HS3002A,HS4002,HS1090,HS4006,HS3002D,HS3280
CH15B025,HS1110,HS1090,HS1090+,HS3002,HS3002D,HS3002C,HS3002A,HS3002B
CH15B026,HS1110,HS5930,HS4005,HS4540,HS3280,HS5070,HS4006,HS4002,HS3420A,HS3002D
CH15B027,HS1110,HS1090,HS5930,HS3280,HS3002,HS3420A,HS4005,HS3002A,HS3002B,HS3002C
CH15B028,HS3002,HS3002B,HS3002D,HS3002A,HS3002C,HS1110,HS1090,HS1090+,HS5930,HS5920,HS3420A,HS4002,HS5070,HS4540,HS4006,HS4005,HS2050,HS3280
CH15B029,HS1110,HS1090,HS1090+,HS3002,HS3002A,HS3002B,HS3002C,HS3002D,HS5930,HS3420A,HS4006,HS5070,HS4540,HS3280,HS4005,HS4002,HS2050,HS5920
CH15B030,HS3002D,HS3002,HS3002B,HS3002A,HS3002C,HS1090,HS1090+,HS1110,HS2050,HS5930,HS4006,HS4540,HS5070,HS4002,HS3280,HS4005,HS3420A,HS5920
CH15B031,HS3002D,HS3002,HS3002B,HS3002A,HS3002C,HS1090,HS1090+,HS1110,HS2050,HS5930,HS5070,HS4540,HS3280,HS4002,HS3420A,HS4005,HS4006,HS5920
CH15B033,HS3002,HS3002A,HS3002B,HS3002C,HS3002D,HS1090+,HS1090,HS1110,HS3420A,HS5930,HS4006,HS2050,HS5070,HS4002,HS4005,HS4540,HS5920,HS3280
CH15B034,HS1090,HS1090+,HS1110,HS4006,HS5070,HS3002,HS3002A,HS3002B,HS3002C,HS3002D
CH15B035,HS3002D,HS3002B,HS5930,HS5920,HS2050,HS1090+,HS4002
CH15B036,HS5920,HS4002,HS3002,HS3002A,HS3002B,HS3002C,HS3002D,HS5930,HS1110,HS1090
CH15B037,HS5920,HS3002,HS4540,HS4002,HS1110,HS1090
CH15B038,HS3002B,HS3002,HS3002C,HS3002A,HS3002D,HS5930,HS5920,HS5070,HS4006,HS3420A,HS1090+,HS1110,HS1090,HS2050,HS3280,HS4005,HS4540,HS4002
CH15B039,HS3002,HS3002A,HS3002B,HS3002C,HS3002D,HS5930,HS5920,HS2050,HS1090,HS1090+,HS1110,HS5070,HS3280,HS4005,HS3420A,HS4002,HS4540
CH15B040,HS1110,HS1090,HS1090+,HS3002,HS3002A,HS3002B,HS3002C,HS3002D
CH15B041,HS3002,HS3002A,HS3002B,HS3002C,HS3002D,HS1110,HS1090,HS1090+,HS4540,HS2050
CH15B042,HS3002B,HS3002A,HS3002,HS3002C,HS3002D,HS2050,HS4540,HS3420A,HS3280,HS1090,HS1090+,HS1110,HS4005,HS5930,HS4002,HS5070,HS5920
CH15B043,HS3002,HS5920,HS5930,HS4540,HS4005,HS5070
CH15B044,HS3002D,HS3002B,HS5930,HS1110,HS1090,HS5070,HS3002A,HS3002,HS3002C,HS4006,HS1090+,HS3280,HS4540,HS4002
CH15B045,HS3002,HS3002A,HS3002B,HS3002C,HS3002D,HS1090,HS1090+,HS1110
CH15B047,HS5930,HS1090,HS1110,HS2050
CH15B048,HS1090,HS1090+,HS1110,HS3002,HS3002A,HS3002B,HS3002C,HS3002D,HS5930,HS3420A,HS4006,HS5920
CH15B049,HS5920,HS4002,HS3002,HS3002A,HS3002B,HS3002C,HS3002D,HS5930,HS1110,HS1090
CH15B050,HS1090,HS5930,HS4002,HS3002,HS4006,HS4005
CH15B051,HS3002,HS3002A,HS3002B,HS3002C,HS3002D,HS1110,HS5930,HS5920,HS4005
CH15B052,HS3002,HS3002A,HS3002B,HS3002C,HS3002D,HS4002,HS1110,HS1090,HS4006,HS5930
CH15B053,HS3002,HS3002D,HS3002C,HS3002B,HS3002A,HS5930,HS1110,HS1090,HS1090+,HS2050,HS4002,HS4006,HS5070,HS3280,HS4005,HS5920,HS4540
CH15B054,HS3002,HS3002A,HS3002B,HS3002C,HS3002D,HS1110,HS1090,HS1090+,HS5930,HS4006,HS5070,HS2050,HS5920
CH15B055,HS1110,HS1090,HS1090+,HS3002,HS3002B,HS3002A,HS3002C,HS3002D,HS3280,HS4540,HS5070,HS4005,HS5930,HS5920,HS3420A
CH15B056,HS1110,HS1090,HS1090+,HS3002,HS3002A,HS3002B,HS3002C,HS3002D,HS4006,HS4540
CH15B057,HS3002,HS3002A,HS3002B,HS3002C,HS3002D,HS1110,HS1090,HS1090+,HS4540,HS4002
CH15B058,HS1090,HS4540,HS2050,HS5920,HS4005,HS3280,HS5930,HS5070,HS4002,HS3420A
CH15B059,HS3002,HS4540,HS3280,HS5920,HS1110,HS4005,HS5070,HS4002,HS5930,HS1090,HS4006,HS2050
CH15B060,HS3002,HS3002A,HS3002B,HS3002C,HS3002D,HS1090,HS1090+,HS4002,HS1110,HS5920
CH15B061,HS3002,HS3002A,HS3002B,HS3002C,HS3002D,HS1110,HS1090,HS1090+,HS4006,HS4540,HS3420A,HS5070,HS4002,HS5930,HS3280,HS5920,HS4005
CH15B062,HS3002,HS3002A,HS3002B,HS3002C,HS3002D,HS5930,HS1110,HS1090,HS1090+
CH15B063,HS1110,HS3002,HS3002A,HS3002B,HS3002C,HS3002D,HS1090,HS1090+,HS4540,HS4006
CH15B064,HS1110,HS1090,HS1090+,HS3002,HS3002A,HS3002B,HS3002C,HS3002D,HS4540,HS3280,HS3420A,HS4002,HS5920
CH15B065,HS3002,HS3002A,HS3002B,HS3002D,HS3002C,HS5930,HS3420A,HS4005,HS4540,HS3280
CH15B066,HS4540,HS3002A,HS1090,HS1090+,HS3002,HS3002B,HS3002C,HS3002D,HS1110,HS5930,HS5070,HS5920,HS4005,HS4006,HS3420A,HS3280,HS4002
CH15B067,HS3002D,HS3002,HS3002B,HS3002A,HS3002C,HS2050,HS5930,HS1110,HS1090,HS1090+,HS4006,HS4540,HS3280,HS5070,HS4002,HS5920,HS4005,HS3420A
CH15B069,HS3002D,HS3002,HS3002B,HS3002A,HS3002C,HS1110,HS1090,HS1090+,HS2050,HS5930,HS5070,HS4006,HS5920,HS4005,HS3280,HS4002,HS4540,HS3420A
CH15B070,HS1110,HS5930,HS1090,HS1090+,HS3420A,HS3280,HS3002,HS3002A,HS3002B,HS3002C,HS3002D
CH15B071,HS3002,HS3002A,HS3002B,HS3002C,HS3002D,HS1090,HS1090+
CH15B073,HS1110,HS1090,HS5930,HS3280,HS5070,HS3002,HS4540,HS4002,HS4005,HS2050
CH15B074,HS1110,HS2050,HS3002,HS3002A,HS3002B,HS3002C,HS3002D
CH15B075,HS3002B,HS3002,HS3002A,HS3002C,HS3002D,HS5930,HS1110,HS5920,HS1090,HS1090+
CH15B076,HS3002B,HS3002,HS3002A,HS3002C,HS3002D,HS5930,HS1110,HS5920,HS1090,HS1090+
CH15B077,HS3002B,HS3002,HS3002A,HS3002C,HS3002D,HS5930,HS1090,HS1090+,HS5920,HS1110,HS4005
CH15B078,HS1110,HS1090,HS1090+,HS3002C,HS3002D,HS3002A,HS3002,HS3002B,HS3420A,HS5930
CH15B079,HS3002,HS3002A,HS3002B,HS3002C,HS3002D,HS5070,HS2050,HS5920,HS4540,HS4006
CH15B081,HS1090,HS5930,HS5920,HS3002,HS2050,HS4540,HS4005,HS3280,HS5070,HS4002
CH15B082,HS3002,HS5920,HS4540,HS4005
CH15B083,HS3002B,HS3002,HS3002A,HS3002C,HS3002D,HS1110,HS4006,HS2050,HS5070,HS5930
CH15B084,HS3002B,HS3002,HS3002A,HS3002C,HS3002D,HS5930,HS1110,HS5920,HS1090,HS1090+
CH15B086,HS3002,HS3002A,HS3002B,HS3002C,HS3002D,HS1090,HS1090+
CH15B087,HS3002,HS3002A,HS3002B,HS3002C,HS3002D,HS5930,HS1090,HS1110,HS4006,HS5070
CH15B088,HS3002,HS3002A,HS3002B,HS3002C,HS3002D,HS5930,HS1110,HS4540,HS5070,HS2050
CH15B090,HS1110,HS3002,HS3002A,HS3002B,HS3002C
CH15B093,HS3002,HS3002A,HS3002B,HS3002C,HS3002D,HS5930,HS3420
CH15B094,HS3002,HS3002A,HS3002B,HS3002C,HS3002D,HS1090,HS1090+,HS1110,HS3420A,HS5070
CH15B095,HS3002,HS3002A,HS3002B,HS3002C,HS3002D,HS1090,HS1090+,HS1110
CH15B097,HS3002,HS3002B,HS3002A,HS3002C,HS3002D,HS1090,HS1090+,HS1110,HS3420A,HS4006
CS15B001,HS3002,HS3002A,HS3002B,HS3002C,HS3002D,HS5930,HS1090,HS2050,HS3280,HS3420A,HS4540,HS5070,HS4006
CS15B002,HS3002,HS3002B,HS3002C,HS3002D,HS4002,HS1110,HS1090,HS5930,HS5920,HS4540,HS4006,HS3420A
CS15B003,HS3002,HS3002B,HS3002D,HS3002C,HS3420A,HS1090,HS5920
CS15B004,HS3280,HS4540,HS2050,HS3002B,HS3002D,HS3002A,HS3002C,HS3002,HS1090,HS1090+
CS15B005,HS3002,HS3002B,HS3002C,HS3002D,HS3280,HS5920,HS1090,HS5930
CS15B006,HS5930,HS3002A,HS3002B,HS3002,HS3002C,HS4540,HS3280
CS15B007,HS3002B,HS3002D,HS3002A,HS3002C,HS5930,HS3002,HS1090,HS1110,HS5920,HS4002,HS5070,HS4540
CS15B008,HS1090,HS1110,HS3002,HS3002A,HS3002B,HS3002C,HS3002D,HS5930,HS5920,HS4540,HS5070,HS4005,HS4002,HS3280,HS3420A
CS15B009,HS3002,HS1090,HS1110,HS5930,HS4540,HS2050,HS5920,HS3280,HS4002,HS5070,HS4005
CS15B010,HS3002,HS3002A,HS3002B,HS3002C,HS3002D,HS5930,HS1110,HS1090+,HS1090
CS15B011,HS3002,HS3002A,HS1110,HS1090,HS3002B,HS3002C,HS3002D,HS1090+,HS5930,HS5920,HS3280,HS5070,HS4005,HS4540
CS15B012,HS3002C,HS5920,HS3002B,HS4540,HS3002,HS3002D,HS3002A,HS1090,HS5930,HS4002,HS1110,HS2050,HS3280,HS4006
CS15B013,HS3002D,HS3002B,HS3002C,HS5930,HS3002A,HS3002,HS5920,HS4006,HS4540,HS4002
CS15B014,HS3002,HS1090,HS3002A,HS1090+,HS3002B,HS3002C,HS3002D,HS1110,HS5920,HS5930,HS4002,HS4540,HS4005,HS3280,HS2050
CS15B015,HS3002,HS1090,HS3002A,HS1090+,HS3002B,HS5920,HS3002C,HS5930,HS3002D,HS4006,HS5070,HS1110,HS4002,HS4540,HS2050,HS4005
CS15B016,HS1110,HS1090+,HS1090,HS3002,HS3002A,HS3002B,HS3002C,HS3002D,HS5920,HS5930
CS15B017,HS3002,HS3002A,HS3002B,HS3002C,HS3002D,HS1110,HS1090,HS1090+,HS5930,HS3420A,HS4002,HS4540,HS3280,HS4005,HS5070,HS5920,HS2050
CS15B018,HS5930,HS3002B,HS3002C,HS3002D,HS1090,HS1090+,HS5920,HS4540
CS15B019,HS3002B,HS3002C,HS3002D,HS3002A,HS5930,HS5920,HS4006,HS4002,HS4540,HS3002
CS15B020,HS3002D,HS3002C,HS3002B,HS3002A,HS5930,HS5920,HS5070,HS4002,HS4005,HS3280
CS15B021,HS3002,HS3002A,HS3002B,HS3002C,HS3002D,HS2050,HS5920,HS4002,HS4005,HS5930,HS5070,HS4540,HS3280,HS3420A,HS1090,HS1090+,HS1110
CS15B022,HS5920,HS3002A,HS3002,HS3002B,HS3002C,HS3002D,HS4002,HS5070,HS4006,HS2050
CS15B023,HS3002,HS3002A,HS3002B,HS3002C,HS3002D,HS5930,HS5070,HS5920,HS1090
CS15B024,HS3002,HS3002A,HS3002B,HS3002C,HS1110,HS1090,HS1090+,HS4540,HS5930,HS4002
CS15B025,HS3002,HS1110,HS3002A,HS1090,HS3002B,HS3002C,HS5930,HS3002D,HS5920
CS15B026,HS5930,HS1090,HS3002,HS2050,HS5070,HS4002
CS15B027,HS3002A,HS1090,HS3002B,HS3002,HS1110,HS3002C,HS3002D,HS5920,HS5930
CS15B028,HS3002,HS3002B,HS3002A,HS3002C,HS3002D,HS5920
CS15B029,HS3002,HS3002A,HS3002B,HS3002C,HS3002D,HS5920,HS5930,HS1090,HS1090+
CS15B030,HS3002,HS3002A,HS3002B,HS3002C,HS3002D,HS5920,HS5930,HS4005,HS4540
CS15B031,HS1090,HS1090+,HS3002,HS3002A,HS3002B,HS3002C,HS3002D,HS4002,HS4540,HS4006,HS4005,HS3280,HS1110,HS5070,HS5920,HS5930
CS15B032,HS3002D,HS3002C,HS3002B,HS1090+,HS5070,HS3420A,HS5930,HS4002,HS4006
CS15B033,HS3002B,HS3002D,HS3002,HS3002A,HS3002C,HS1090+,HS1090,HS1110,HS5920,HS5930
CS15B034,HS3002,HS3002A,HS3002B,HS3002C,HS3002D,HS1090,HS1110,HS1090+,HS2050,HS4006,HS5070,HS4002,HS4005,HS3420A,HS5920,HS4540,HS5930,HS3280
CS15B035,HS3002,HS3002A,HS3002B,HS3002C,HS3002D,HS5920,HS5930,HS1090,HS1090+
CS15B036,HS3002,HS3002A,HS3002B,HS3002C,HS3002D,HS1110,HS1090,HS1090+,HS5930,HS2050
CS15B037,HS5930,HS3002,HS3002B,HS3002C,HS3002D,HS3420A,HS5920
CS15B038,HS3002B,HS3002,HS3002C,HS3002D,HS5930,HS5920,HS4540
CS15B039,HS3002,HS3002A,HS3002C,HS3002B,HS3002D,HS1090,HS1090+,HS1110,HS4002,HS5930,HS5920,HS2050,HS3280
CS15B040,HS3002,HS3002A,HS3002B,HS3002C,HS3002D,HS5920,HS5930,HS1090,HS1090+
CS15B041,HS1110,HS1090,HS1090+,HS3002,HS3002B,HS3002C,HS4002
CS15B042,HS5930,HS3002,HS3002B,HS3002C,HS3002D,HS1090,HS1090+,HS5920
CS15B043,HS5930,HS5920,HS3002,HS3002A,HS3002B,HS3002C,HS3002D,HS2050,HS4006,HS5070,HS4002,HS3420A,HS4540,HS3280,HS4005,HS1090,HS1090+,HS1110
CS15B044,HS3002,HS3002A,HS3002B,HS3002C,HS3002D,HS1110,HS1090
CS15B045,HS3002,HS3002A,HS3002B,HS3002C,HS3002D,HS4006,HS1110,HS4540,HS1090,HS1090+
CS15B046,HS3002,HS3002A,HS3002B,HS3002C,HS3002D,HS1110,HS1090,HS1090+,HS5070,HS4006,HS2050,HS4005,HS4540,HS5920,HS4002,HS5930,HS3280,HS3420A
CS15B047,HS3002,HS3002A,HS3002B,HS3002C,HS3002D,HS4006,HS4540,HS1090,HS1090+,HS1110
CS15B048,HS1090,HS1110,HS3002,HS4002
CS15B049,HS4006,HS2050,HS1090,HS1110,HS3002,HS3420A,HS3002A,HS3002B,HS5070,HS5930
CS15B050,HS1110,HS1090+,HS1090,HS4006,HS3002,HS3002A,HS3002B,HS3002C,HS3002D,HS3420A,HS4540
CS15B051,HS3002,HS3002A,HS3002B,HS3002C,HS3002D,HS1110,HS4002,HS4540,HS1090
CS15B052,HS1090+,HS1090,HS1110,HS3002,HS3002A,HS3002B,HS3002C,HS3002D,HS4006,HS4540,HS4002
CS15B053,HS3002B,HS3002,HS3002A,HS3002D,HS3002C,HS4540,HS2050,HS1090,HS1090+,HS1110,HS3280,HS3420A,HS4002,HS4005,HS4006,HS5930,HS5070,HS5920
CS15B054,HS3002,HS3002A,HS3002B,HS3002C,HS3002D,HS4006,HS5930,HS5920,HS3420A,HS2050,HS5070,HS3280,HS1090,HS1110
CS15B056,HS1090+,HS1090,HS3002,HS3002A,HS3002B,HS3002C,HS3002D,HS4540,HS4006,HS4002
CS15B057,HS3002,HS3002A,HS3002B,HS3002C,HS3002D,HS5930,HS4006,HS5070,HS4540,HS2050,HS3280,HS4005,HS1110
CS15B058,HS1110,HS3002,HS3002A,HS3002B,HS3002C,HS3002D,HS1090,HS3280,HS5930,HS4540,HS1090+,HS5070,HS4005,HS4002,HS3420A,HS4006,HS5920,HS2050
CS15B059,HS3002D,HS3002B,HS3002,HS3002C,HS3002A,HS1090,HS1090+,HS1110,HS2050,HS3420A
CS15B060,HS3002D,HS3002C,HS3002B,HS3002A,HS3002,HS1090,HS1090+,HS1110,HS5070,HS3420A,HS2050,HS4540,HS4005
CS15B061,HS3002,HS1090,HS2050,HS4002,HS1110,HS4540,HS4006,HS5070,HS3280,HS5930
EE15B001,HS3002,HS3002A,HS3002B,HS3002C,HS3002D,HS1090,HS1090+,HS1110,HS2050,HS3420A,HS4005,HS4540,HS4002,HS3280
EE15B002,HS1110,HS1090,HS1090+,HS4540,HS4006,HS3420A,HS3280,HS3002,HS5070,HS4002,HS4005,HS5920,HS2050
EE15B003,HS4540,HS1110,HS3002,HS3002A,HS3002C,HS3002B,HS3002D,HS4006,HS5930,HS2050
EE15B004,HS3280,HS4540,HS2050,HS3420A,HS3002,HS3002A,HS3002B,HS3002C,HS3002D,HS1090
EE15B005,HS2050,HS1090,HS1090+,HS3002,HS3002A,HS3002B,HS3002C,HS3002D,HS1110,HS4540
EE15B006,HS1090,HS1090+,HS3002,HS3002A,HS3002B,HS3280,HS1110,HS2050,HS4540
EE15B007,HS1110,HS1090+,HS1090,HS2050,HS4540,HS5070,HS4002,HS4005,HS3280,HS4006
EE15B008,HS3002A,HS3002,HS3002B,HS3002C,HS3002D,HS5930,HS5920,HS4006,HS5070,HS2050
EE15B009,HS1090,HS1090+,HS1110,HS5930,HS2050,HS5070,HS3420A,HS4540,HS3280,HS4005
EE15B010,HS5930,HS5920,HS3002A,HS3002B,HS3002C,HS3002D,HS5070,HS4540,HS1090,HS3420A
EE15B011,HS1110,HS3002,HS3002A,HS3002B,HS3002C,HS3002D,HS1090,HS3280,HS5930,HS4540,HS1090+,HS5070,HS4005,HS4002,HS3420A,HS4006,HS5920,HS2050
EE15B012,HS1110,HS1090,HS3002,HS3280,HS5930,HS2050,HS3002A,HS3002B,HS3002C,HS1090+
EE15B014,HS1110,HS1090+,HS1090,HS5930,HS5920,HS4006,HS4002,HS5070,HS4540,HS4005,HS2050,HS3280,HS3420A
EE15B015,HS3002,HS3002A,HS3002B,HS3002C,HS3002D,HS4006,HS2050,HS5070,HS4005,HS3280,HS4540,HS4002,HS5930,HS5920,HS3420A,HS1090,HS1090+,HS1110
EE15B016,HS1090,HS1090+,HS1110,HS3002A,HS3002B,HS3002,HS3002C,HS3002D,HS2050,HS4006,HS4005,HS5920,HS3280,HS4540,HS3420A,HS4002,HS5070,HS5930
EE15B017,HS1110,HS3420A,HS1090,HS5920,HS5930
EE15B018,HS1090,HS1110,HS1090+,HS5930,HS5920,HS5070,HS3280,HS4002
EE15B019,HS1090+,HS1090,HS3002,HS3002A,HS3002B,HS3002C,HS3002D,HS1110,HS2050,HS4002,HS4006,HS5930,HS5070
EE15B020,HS3002,HS3002A,HS3002B,HS3002C,HS3002D,HS1110,HS2050,HS1090,HS4002,HS3280,HS4540
EE15B021,HS1090,HS1110,HS3002,HS3002A,HS3002B,HS3002C,HS3002D,HS2050,HS4006,HS5930,HS1090+,HS5070,HS4002,HS3420A,HS3280,HS4540,HS4005
EE15B022,HS1110,HS1090+,HS1090,HS5920,HS5930,HS4006,HS4002,HS5070,HS4540,HS4005,HS2050,HS3280,HS3420A
EE15B024,HS1110,HS1090,HS1090+,HS2050,HS4005,HS4002,HS3420A,HS4540
EE15B025,HS1110,HS1090,HS1090+,HS2050,HS5930,HS4002,HS4005
EE15B026,HS1110,HS1090,HS1090+,HS5920,HS4540,HS4005,HS4006,HS4002,HS3280,HS2050
EE15B027,HS1110,HS1090,HS3280,HS4540,HS2050,HS4005,HS5920
EE15B028,HS3002,HS3002A,HS3002B,HS3002C,HS3002D,HS4006,HS2050,HS4002,HS4005,HS3280,HS3420,HS4540,HS5070,HS5930,HS5920
EE15B029,HS5920,HS4002,HS3280,HS4005,HS2050
EE15B030,HS1090,HS1090+,HS1110,HS4006,HS2050,HS5070,HS4540,HS5930,HS3420A,HS4002
EE15B031,HS3002C,HS3002B,HS3002,HS3002D,HS3002A,HS5930,HS3420A,HS1110,HS2050,HS5070,HS1090,HS4540,HS4002
EE15B032,HS3002,HS3002A,HS3002B,HS3002C,HS3002D,HS5930,HS1090,HS1090+,HS2050,HS5920,HS1110,HS5070,HS3280,HS4005,HS3420A,HS4002,HS4540
EE15B033,HS5920,HS5930,HS3420A,HS1110,HS1090,HS3280
EE15B034,HS5930,HS4540,HS1110,HS1090,HS4002,HS3002A,HS2050,HS3280,HS4005,HS4006
EE15B035,HS1090,HS1090+,HS5930,HS2050,HS1110,HS4540,HS3420A,HS4006,HS5070,HS3280,HS4002,HS4005,HS5920
EE15B036,HS3002A,HS3002B,HS3002C,HS3002D,HS3002,HS5920,HS5930,HS3420A,HS4002,HS2050
EE15B037,HS3002,HS3002A,HS3002B,HS3002C,HS3002D,HS5930,HS2050,HS4540,HS4002,HS5070
EE15B038,HS5920,HS5930,HS1110,HS3002A,HS3002,HS3002B,HS3002C,HS3002D,HS1090,HS3280
EE15B039,HS1090,HS1110,HS2050,HS5930,HS4006,HS5920,HS4002,HS5070,HS4540,HS4005
EE15B040,HS1090,HS1110,HS2050,HS5930,HS4006,HS5920,HS4002,HS5070,HS4540,HS4005
EE15B041,HS3002,HS3002A,HS3002B,HS3002C,HS3002D,HS1090,HS1090+,HS1110,HS4006,HS5930
EE15B042,HS4006,HS5070,HS5930,HS4540,HS3280,HS4005,HS4002,HS3002,HS3002A,HS3002B,HS3002C,HS3002D,HS5920,HS1090,HS1090+,HS1110,HS2050,HS3420A
EE15B043,HS5920,HS1090+,HS1090,HS5930,HS4002,HS5070,HS4005,HS3420A,HS2050,HS1110
EE15B044,HS1110,HS1090,HS1090+,HS3002,HS3002A,HS3002B,HS3002C,HS3002D,HS5930,HS2050
EE15B045,HS4006,HS3002,HS3002A,HS3002B,HS3002C,HS3002D
EE15B046,HS3002,HS3002A,HS3002B,HS3002C,HS3002D,HS4002,HS5930
EE15B047,HS5930,HS2050,HS1110,HS4006,HS3280,HS4005,HS5070
EE15B048,HS1090,HS1090+,HS1110,HS3002,HS3420A,HS5070,HS5930,HS4002
EE15B049,HS1110,HS3002,HS1090,HS5930,HS4002,HS3002A,HS3002B,HS5920,HS3002C,HS3002D,HS4540,HS1090+,HS4005,HS5070,HS3280,HS3420A,HS2050
EE15B050,HS3002,HS3002B,HS3002C,HS3002A,HS3002D,HS1110,HS5930,HS1090,HS1090+,HS4002,HS4540,HS5920,HS5070,HS4005,HS3420A,HS3280
EE15B051,HS4006,HS3002,HS3002A,HS3002B,HS3002C,HS3002D
EE15B052,HS1090,HS1110,HS3002,HS4002,HS4540,HS2050,HS3280,HS4005
EE15B053,HS5930,HS5920,HS3420A,HS1110,HS1090,HS2050,HS4006,HS5070,HS4002,HS4005,HS4540
EE15B054,HS3420A,HS3002,HS3002A,HS3002B,HS3002C,HS3002D,HS1090,HS1090+,HS1110,HS4002,HS3280,HS2050,HS5930,HS5920
EE15B055,HS1110,HS2050,HS4002,HS4540,HS4005,HS5920
EE15B056,HS1110,HS1090,HS3002,HS3002A,HS3280,HS5070,HS5920,HS4006,HS5930,HS3002B,HS3002C,HS2050
EE15B057,HS1090,HS1090+,HS1110,HS2050,HS5920,HS4002,HS3002
EE15B058,HS1090,HS1090+,HS1110,HS2050,HS4006,HS4002,HS5930
EE15B059,HS3002,HS3002C,HS3002D,HS3002A,HS3002B,HS1090+,HS1110,HS4002,HS2050,HS1090,HS3280,HS4540,HS4005,HS3420A,HS5070,HS5930,HS5920
EE15B060,HS3002,HS3002A,HS3002B,HS3002C,HS3002D,HS4005,HS1090,HS1110,HS2050
EE15B062,HS3002A,HS3002,HS3002B,HS3002C,HS3002D,HS5920,HS5930,HS3280,HS1090,HS1110,HS2050
EE15B063,HS3002,HS3002C,HS3002D,HS3002A,HS3002B,HS1090+,HS1110,HS4002,HS1090,HS2050,HS3280,HS4540,HS4005,HS3420,HS5070,HS5920,HS5930
EE15B064,HS3002,HS5930,HS1110,HS4540,HS2050,HS1090,HS5070,HS3280,HS4005,HS3420
EE15B065,HS1110,HS1090,HS1090+,HS3002,HS3002A,HS3002B,HS3002C,HS3002D,HS5930,HS3420A,HS3280,HS4006,HS2050,HS5070,HS4002,HS4540,HS4005,HS5920
EE15B066,HS1090,HS1090+,HS1110,HS4006,HS3280,HS4540,HS5070,HS5920,HS4002,HS4005,HS5930,HS3420A,HS2050
EE15B067,HS2050,HS3002,HS5930
EE15B068,HS3002,HS3002B,HS1090,HS1110,HS2050
EE15B069,HS1110,HS1090,HS1090+,HS3420A,HS2050,HS5070,HS5930,HS4540,HS4005
EE15B070,HS5920,HS3420A,HS5930
EE15B071,HS2050,HS1090,HS1090+,HS1110,HS5930,HS5070,HS4002,HS4006,HS5920,HS4540,HS3280,HS3420A,HS4005
EE15B072,HS1090,HS1090+,HS1110,HS3002,HS3002A,HS3002B,HS3002C,HS3002D,HS5070,HS3280,HS4005,HS4540,HS4002
EE15B073,HS1090,HS1090+,HS2050,HS1110,HS3002,HS3002A,HS3002B,HS3002C,HS3002D,HS5070,HS3280,HS4540,HS4002,HS4005,HS3420A,HS5930,HS5920
EE15B074,HS5930,HS1110,HS2050,HS5070,HS1090,HS4005,HS4540,HS4002,HS3420A
EE15B075,HS3002,HS3002C,HS3002D,HS3002A,HS3002B,HS1090+,HS1110,HS4002,HS2050,HS1090,HS3280,HS4540,HS4005,HS3420A,HS5070,HS5920
EE15B076,HS1090,HS1090+,HS1110,HS3002,HS3002A,HS2050,HS3002B,HS3002C,HS3002D,HS5070
EE15B077,HS5920,HS3420A,HS5930
EE15B078,HS3002,HS3002A,HS3002B,HS3002C,HS3002D,HS1090,HS1090+,HS1110,HS2050,HS5920,HS5930
EE15B079,HS1090,HS1090+,HS1110,HS2050,HS3420A,HS4540,HS4002,HS3280,HS4005
EE15B080,HS1110,HS1090,HS1090+,HS3002C,HS3002A,HS3002D,HS3002B,HS3002
EE15B081,HS1110,HS1090,HS1090+,HS5930,HS5920,HS2050,HS4006,HS3280,HS4540,HS5070,HS4002,HS4005,HS3420A
EE15B082,HS1090,HS4540,HS1110,HS2050,HS5070,HS3420A,HS5930,HS3280,HS4002
EE15B083,HS3280,HS3002B,HS1090,HS3420A,HS5070,HS3002,HS3002A,HS3002C,HS3002D,HS2050,HS4002,HS4006,HS1110,HS1090+,HS4540,HS5920,HS5930,HS4005
EE15B084,HS3002,HS3002A,HS3002B,HS3002C,HS3002D,HS1110,HS4005,HS4540,HS1090,HS1090+,HS3280,HS2050,HS4002,HS5070,HS5930,HS5920,HS3420A
EE15B085,HS2050,HS3002,HS3002A,HS3002B,HS3002C,HS3002D,HS1090,HS1090+,HS4006,HS3420A,HS4002,HS4540,HS5070,HS5920,HS4005,HS1110,HS3280,HS5930
EE15B086,HS3280,HS3420A,HS1090,HS5070,HS2050,HS4540,HS1090+,HS1110,HS4002,HS4005,HS5930,HS4006,HS5920
EE15B087,HS1090,HS1090+,HS1110,HS2050,HS3002,HS3002A,HS3002B,HS3002C,HS3002D,HS3280,HS5070,HS5930,HS4005,HS5920,HS3420A,HS4006,HS4002,HS4540
EE15B088,HS1110,HS1090,HS1090+,HS2050,HS3002,HS3002A,HS3002B,HS3002C,HS3002D,HS4540,HS3280,HS3420,HS5930,HS4006,HS5070,HS4005,HS4002
EE15B089,HS5920,HS3280,HS4005,HS5930,HS2050,HS4002,HS5070,HS4540,HS1110,HS1090
EE15B090,HS5930,HS4005,HS3280,HS5920,HS1110,HS1090,HS4002,HS5070,HS2050,HS4540
EE15B091,HS3002B,HS3002,HS3002A,HS3002C,HS3002D,HS5930,HS5920,HS4002,HS4006,HS5070,HS2050,HS3420,HS4540,HS4005,HS3280,HS1090,HS1090+,HS1110
EE15B092,HS3002,HS3002A,HS3002B,HS3002C,HS3002D,HS1090+,HS1090,HS1110,HS3420A,HS5930,HS5070,HS4005
EE15B093,HS3002,HS1110,HS3002A,HS3002B,HS3002C,HS3002D,HS3280,HS3420A,HS4002,HS5070,HS5930,HS5920,HS4005,HS4540,HS1090,HS1090+
EE15B094,HS3002,HS3002A,HS3002B,HS3002C,HS3002D,HS5930,HS5920,HS4002,HS4006,HS5070,HS2050,HS3420,HS4540,HS4005,HS3280,HS1090,HS1090+,HS1110
EE15B095,HS2050,HS3002,HS3002A,HS3002B,HS3002C,HS3002D,HS5920,HS4540,HS5070,HS1090,HS1090+,HS1110
EE15B096,HS3002,HS3002A,HS3002B,HS3002C,HS3002D,HS5920,HS5930,HS1110,HS2050,HS3280,HS3420A,HS1090,HS1090+,HS4540,HS5070,HS4006,HS4005,HS4002
EE15B097,HS2050,HS1090,HS1090+,HS3280,HS1110,HS4540,HS3420A,HS5070,HS5930,HS4002,HS5920,HS4006,HS4005
EE15B098,HS3002D,HS3002C,HS3002B,HS3002A,HS3002,HS1110,HS4002,HS1090,HS1090+,HS2050,HS5920,HS4005,HS5930,HS5070,HS3280,HS4540,HS3420A
EE15B099,HS1110,HS3280,HS5930,HS1090,HS1090+,HS5920,HS4005,HS5070,HS4540,HS4002
EE15B100,HS5930,HS5920,HS4540,HS3420A,HS4002,HS3280,HS4005,HS1090,HS1090+,HS1110,HS5070,HS2050
EE15B101,HS1090,HS1090+,HS1110,HS5930,HS5920,HS2050,HS4540,HS4002,HS4005,HS3420A
EE15B102,HS5930,HS5920,HS1090,HS1110,HS2050,HS3280,HS4005,HS4002,HS4540,HS5070
EE15B103,HS3002D,HS5930,HS5920,HS4540,HS3420A,HS4002,HS3280,HS4005,HS1090,HS1110,HS5070,HS4006,HS2050
EE15B104,HS1090,HS1090+,HS1110,HS3002,HS3002A,HS3002B,HS3002C,HS3002D,HS5930,HS2050,HS4005
EE15B105,HS3002,HS3002A,HS3002B,HS3002C,HS3002D,HS1090,HS1110,HS5930,HS2050,HS4540,HS5920,HS4005,HS5070
EE15B106,HS1110,HS1090,HS1090+,HS3420A,HS4006,HS5070,HS2050,HS5930,HS3002,HS3002A,HS3002B,HS3002C,HS3002D,HS4005,HS4540,HS5920,HS3280,HS4002
EE15B107,HS3002,HS3002A,HS3002B,HS3002C,HS3002D,HS3420A,HS1110,HS1090+,HS1090,HS4006,HS2050,HS3280,HS4002,HS4540,HS4005,HS5930,HS5920,HS5070
EE15B108,HS1110,HS1090,HS3280,HS4540,HS5070,HS5920,HS5930,HS4005,HS4006,HS2050
EE15B109,HS1110,HS1090,HS1090+,HS5930,HS2050,HS4006,HS4540,HS5070,HS5920,HS4002,HS3420A,HS4005,HS3280
EE15B110,HS4005,HS1090,HS1110
EE15B111,HS3002,HS3002A,HS3002B,HS3002C,HS3002D,HS5920,HS1090,HS1110,HS4002,HS4005
EE15B112,HS5920,HS3002,HS3002A
EE15B113,HS3002D,HS3002,HS3002A,HS3002B,HS3002C,HS1110,HS1090,HS3420A,HS5070,HS3280,HS2050,HS4002,HS5920,HS4540,HS5930
EE15B114,HS3002,HS3002A,HS3002B,HS3002C,HS3002D,HS1090,HS1090+,HS1110,HS3280,HS2050,HS4540,HS5920,HS3420A,HS4002,HS4005,HS5070,HS5930
EE15B115,HS5930,HS5920,HS3280,HS1090,HS1110,HS3420A,HS2050,HS5070,HS4005
EE15B116,HS4002,HS1090,HS3002,HS3002A,HS3002B,HS3002C,HS3002D,HS5920,HS3280,HS5070
EE15B117,HS3002,HS3002A,HS3002B,HS3002C,HS3002D,HS4540,HS3280,HS1110,HS1090,HS1090+,HS2050,HS5070,HS4005
EE15B118,HS1090,HS1110,HS4005,HS4002,HS4540,HS4006,HS2050,HS5070,HS5920
EE15B119,HS1110,HS1090,HS1090+,HS3002A,HS3002,HS3002B,HS3002C,HS3002D
EE15B120,HS3002,HS3002A,HS3002B,HS3002C,HS3002D,HS1090+,HS1090,HS1110,HS4002,HS5070,HS3280,HS4540,HS2050,HS5920,HS4005
EE15B121,HS3002,HS3002A,HS3002B,HS3002C,HS3002D,HS2050,HS4002,HS3280,HS4540,HS4005,HS3420A,HS5070,HS5930,HS5920,HS1110,HS1090
EE15B122,HS3002,HS3002A,HS3002B,HS3002C,HS3002D,HS1090,HS1090+,HS5930,HS2050,HS1110,HS5070,HS4540,HS5920,HS4006
EE15B123,HS3002,HS3002A,HS3002B,HS3002C,HS3002D,HS2050,HS1110,HS4006,HS3420A
EE15B124,HS3002,HS3002A,HS3002B,HS3002C,HS3002D,HS1090,HS1090+,HS2050,HS1110,HS5930
EE15B125,HS1090+,HS1090,HS1110,HS3002D,HS3002C,HS3002B,HS3002A,HS3002,HS3420A,HS3280
EE15B126,HS3002B,HS3002D,HS3002,HS3002A,HS3002C,HS1110,HS1090+,HS1090,HS2050,HS5070,HS4006,HS5930,HS3280,HS5920,HS3420A,HS4005,HS4540,HS4002
EE15B127,HS1110,HS5930,HS1090,HS3002,HS2050,HS4540,HS4005,HS5070,HS5920
EE15B128,HS3002,HS3002A,HS3002B,HS3002C,HS3002D,HS1110,HS4540,HS2050,HS1090+,HS1090
EE15B129,HS3002,HS3002A,HS3002B,HS3002C,HS3002D,HS2050,HS1090,HS1090+,HS4006,HS1110,HS4002
EE15B130,HS1110,HS3002,HS3002A,HS3002B,HS3002C,HS3002D,HS1090,HS3280,HS5930,HS4540,HS1090+,HS5070,HS4005,HS4002,HS3420A,HS4006,HS5920,HS2050
EE15B131,HS1110,HS5930,HS2050,HS1090,HS5070,HS4005,HS4540,HS4002,HS3420A
EE15B132,HS1110,HS1090,HS1090+,HS2050,HS3002A,HS3002,HS3002B,HS3002C,HS3002D,HS4540,HS5930,HS4005
EE15B133,HS3002,HS5930,HS1090,HS1110
EE15B134,HS1110,HS1090,HS3420A,HS5930,HS5920,HS5070,HS4005,HS4540,HS3280,HS2050,HS4002
EP15B001,HS1090,HS1090+,HS3002B,HS3002A,HS3002,HS3002C,HS3420A,HS3280,HS5930
EP15B002,HS3002B,HS3002A,HS3002C,HS3002D,HS3002,HS1090,HS1090+,HS1110,HS4540,HS2050,HS5920,HS3420A,HS5070
EP15B003,HS5930,HS1090,HS1090+,HS1110,HS3002B,HS3002A,HS3002C,HS3002D,HS3002,HS4540,HS3280,HS4005,HS5920
EP15B004,HS3002B,HS1090,HS3002A,HS1090+,HS3002,HS5930,HS2050,HS3002D,HS3002C,HS1110
EP15B005,HS5930,HS3002,HS3002A,HS3002B,HS3002C,HS3002D,HS1110,HS1090+,HS1090,HS4006,HS3420A
EP15B006,HS3002,HS3002A,HS3002B,HS3002D,HS3002C,HS5070,HS4002,HS4006,HS1090,HS1090+
EP15B007,HS3002B,HS3002,HS3002A,HS3002C,HS3002D,HS2050,HS1090,HS1090+,HS1110,HS4006,HS5070,HS4540,HS5920,HS5930,HS4002,HS3280,HS3420A
EP15B008,HS3002,HS3002A,HS3002B,HS3002C,HS3002D,HS1090,HS1090+,HS1110,HS5070,HS4006,HS2050,HS3280,HS4540,HS5920,HS5930,HS4005,HS3420A,HS4002
EP15B009,HS1090,HS1110,HS5930,HS4006,HS3002,HS3002A,HS3002B,HS3002C,HS3002D,HS3420A,HS4002,HS5070,HS1090+
EP15B010,HS5930,HS2050,HS3002,HS3002A,HS3002B,HS3002C,HS3002D,HS5920,HS4006,HS4540,HS5070,HS4005,HS4002,HS3280,HS3420A,HS1110
EP15B011,HS3002,HS3002A,HS3002B,HS3002C,HS3002D,HS1110,HS1090,HS1090+,HS2050,HS3280,HS4005,HS4540,HS4002,HS5070,HS5930,HS5920,HS3420A
EP15B012,HS1110,HS1090,HS3002,HS3002A,HS3002B,HS3002C,HS3002D,HS4006,HS5070,HS3280
EP15B013,HS4002,HS2050,HS5070,HS3280,HS3002,HS5930,HS3420A,HS1110,HS1090,HS4540
EP15B014,HS4006,HS1090,HS3002,HS3002A,HS3002B,HS3002C,HS3002D,HS3280,HS1110,HS5070,HS5930,HS4540,HS3420A,HS4005,HS5920
EP15B015,HS3002,HS3002A,HS3002C,HS3002B,HS3002D,HS4006,HS2050,HS1110,HS4002,HS5930,HS4005,HS5920,HS3280,HS1090,HS3420A,HS1090+
EP15B016,HS3002,HS3002A,HS3002B,HS3002D,HS3002C,HS5070,HS5930,HS4002,HS4540,HS3280
EP15B017,HS3002,HS3002A,HS3002B,HS3002C,HS3002D,HS1110,HS4006,HS1090,HS5930,HS5070,HS2050,HS4540,HS5920
EP15B018,HS3002,HS3002A,HS3002B,HS3002D,HS3002C,HS1110,HS1090,HS1090+,HS2050,HS4002
EP15B019,HS1110,HS1090,HS1090+,HS2050,HS4540,HS4005,HS4002,HS3002,HS3002A,HS3002B,HS3002C,HS3002D
EP15B020,HS3002,HS3002A,HS3002B,HS3002C,HS3002D,HS1110,HS1090,HS5070,HS1090+,HS2050,HS4006,HS5930,HS4002,HS4540,HS5920,HS4005,HS3280,HS3420A
EP15B021,HS3002B,HS1090,HS2050,HS3002,HS3002A,HS3002C,HS3002D,HS5930,HS1110
EP15B023,HS2050,HS1110,HS3002B,HS3002,HS3002A,HS3002C,HS3002D,HS5930,HS1090,HS1090+,HS4540,HS3280,HS3420A,HS5070,HS5920,HS4005,HS4002
EP15B024,HS2050,HS5070,HS4006,HS1090,HS1110,HS3002,HS4002,HS3280,HS4005,HS1090+
EP15B025,HS3002B,HS3002,HS3002A,HS3002C,HS3002D,HS5930,HS4006
EP15B026,HS3002B,HS1110,HS3002,HS3002A,HS3002C,HS3002D,HS2050,HS5930,HS3420A,HS1090,HS1090+,HS3280,HS4540,HS5070,HS5920,HS4005,HS4006,HS4002
EP15B027,HS2050,HS1110,HS1090,HS1090+,HS3002,HS3002A,HS3002B,HS3002C,HS3002D,HS5070,HS3280
EP15B028,HS3002,HS3002A,HS3002B,HS3002C,HS3002D,HS1110,HS1090,HS1090+,HS5930,HS4006,HS5070,HS4002,HS4005,HS3280,HS4540,HS5920,HS3420A,HS2050
EP15B030,HS3002,HS3002A,HS3002B,HS3002D,HS3002C,HS1090,HS1090+,HS4006,HS2050,HS1110,HS5070
EP15B031,HS5070,HS3002,HS5930,HS1090,HS3002A,HS3002B,HS3002C,HS3002D,HS3420A,HS4006
MM15B001,HS3002,HS3002A,HS3002B,HS3002C,HS3002D,HS4006,HS4540,HS2050,HS3420A,HS1090,HS3280,HS4002,HS1110,HS5070,HS5920,HS5930
MM15B002,HS3002,HS3002A,HS3002B,HS3002C,HS3002D,HS1090,HS1090+,HS1110,HS5930,HS2050,HS5070,HS4006,HS4540,HS3280,HS4005,HS5920,HS4002,HS3420A
MM15B004,HS1110,HS5930,HS3002D,HS1090,HS3002B,HS3002A,HS1090+,HS3002,HS4540,HS4006
MM15B005,HS1110,HS5920,HS1090,HS1090+,HS3002,HS3002A,HS3002B,HS3002C,HS3002D,HS5070
MM15B006,HS3002A,HS3002B,HS3002D,HS3002,HS3002C,HS1090,HS1090+,HS5070,HS3420A,HS3280
MM15B007,HS5930,HS3002A,HS3002D,HS3002B,HS3002C,HS3420A,HS3280,HS4540,HS2050,HS4002
MM15B008,HS3002D,HS3002A,HS3002B,HS3002,HS3002C,HS5930,HS5920,HS3420A,HS4002,HS4005
MM15B009,HS1110,HS1090,HS1090+,HS3002D,HS3002,HS3002A,HS3002B,HS3002C,HS5930,HS3280,HS3420A,HS5070
MM15B010,HS5920,HS2050,HS3280,HS3420A,HS4006
MM15B011,HS3002D,HS3002A,HS3002B,HS3002,HS3002C,HS5930,HS4540,HS4006,HS1110,HS1090,HS1090+
MM15B012,HS1090,HS1090+,HS1110,HS3002A,HS3002B,HS3002D,HS3002,HS5930,HS4540,HS5070
MM15B013,HS1110,HS1090,HS1090+,HS2050,HS5070,HS3002,HS3002A,HS3002B,HS3002C,HS3002D
MM15B014,HS3002,HS3002A,HS3002C,HS3002D,HS3002B,HS3420A,HS4006,HS4002,HS2050,HS3280,HS4540,HS4005,HS1090,HS1110,HS5070,HS5930,HS5920
MM15B015,HS1090+,HS1090,HS1110,HS5930,HS3420A,HS2050,HS3002,HS3002A,HS3002B,HS3002C,HS3002D,HS3280
MM15B016,HS3002,HS3002A,HS3002B,HS3002C,HS3002D,HS5920,HS5930,HS4002,HS4540,HS5070,HS3420A,HS4005
MM15B017,HS3002D,HS3002,HS3002B,HS3002A,HS3002C,HS5930,HS5920,HS1090
MM15B018,HS3002B,HS3002A,HS3002D,HS3002,HS3002C,HS1090,HS1090+,HS1110,HS5930,HS3280,HS3420A
MM15B019,HS3002D,HS3002A,HS3002B,HS3002,HS5930,HS5920,HS1090,HS1110,HS4540
MM15B020,HS1090,HS1090+,HS3002A,HS3002B,HS3002D,HS3002,HS3002C,HS5930,HS1110,HS4540,HS3280,HS5070
MM15B021,HS1110,HS1090,HS3002B,HS5070,HS3420A,HS5930,HS2050,HS4002,HS3002A,HS1090+
MM15B022,HS2050,HS3002B,HS3002C,HS3002A,HS3002,HS3002D,HS5930,HS1090,HS1090+,HS1110,HS5920,HS5070,HS3280,HS4540,HS3420A,HS4002,HS4005
MM15B023,HS3002A,HS3002D,HS3002B,HS3002C,HS3002,HS1090,HS1110,HS1090+,HS5930,HS4540
MM15B024,HS3002D,HS3002,HS3002B,HS3002C,HS3002A,HS1110,HS1090,HS5930
MM15B025,HS3002,HS3002A,HS3002B,HS3002C,HS3002D,HS1090,HS1110,HS1090+,HS5070,HS5920
MM15B026,HS3002,HS3002A,HS3002B,HS3002C,HS3002D,HS1090,HS1090+,HS1110,HS2050,HS5070,HS3280,HS4005
MM15B029,HS5930,HS3002B,HS3002A,HS3002D,HS3002,HS1090,HS1090+,HS1110
MM15B030,HS5930,HS3002,HS3002A,HS3002B,HS3002C,HS3002D,HS1090,HS1090+,HS1110,HS3280,HS4540
MM15B031,HS5930,HS3002,HS3002A,HS3002B,HS1090,HS1110,HS1090+
MM15B032,HS3002B,HS3002A,HS3002C,HS3002,HS3002D,HS1090+,HS1090,HS1110,HS3420A,HS4540,HS5930,HS2050,HS5070,HS3280,HS4002,HS5920,HS4005
MM15B034,HS5930,HS1090,HS1090+,HS3280,HS4005,HS3002,HS3002A,HS3002B,HS3002C,HS3002D,HS4540
MM15B035,HS3002B,HS3002A,HS3002D,HS4002,HS3002,HS1110,HS3002C,HS4005,HS4540,HS5930,HS3280,HS1090,HS1090+,HS5070,HS5920
MM15B036,HS3002A,HS3002B,HS1090,HS5930,HS1110,HS3420A
MM15B039,HS3002B,HS3002,HS3002A,HS3002C,HS3002D,HS1110,HS1090,HS1090+,HS5930
MM15B040,HS3002,HS3002D,HS3002C,HS3002A,HS3002B,HS5930,HS1090,HS1110,HS3280,HS5070,HS4540,HS4005
MM15B041,HS3280,HS3002B,HS1090,HS3420A,HS5070,HS3002,HS3002A,HS3002C,HS3002D,HS2050,HS4002,HS4006,HS1110,HS1090+,HS4540,HS5920,HS5930,HS4005
MM15B043,HS3002A,HS3002B,HS3002,HS1090,HS5930,HS3420A
MM15B044,HS3002B,HS3002,HS3002C,HS3002A,HS3002D,HS1110,HS1090,HS1090+,HS5930,HS2050
MM15B046,HS4006,HS5070,HS2050,HS4002,HS4005,HS4540,HS3002,HS3002A,HS3002B
MM15B047,HS3002,HS3002A,HS3002B,HS3002C,HS3002D,HS1090,HS1110,HS3420A,HS5930
MM15B048,HS3002B,HS3002A,HS3002,HS3002C,HS3002D,HS2050,HS5070,HS1110,HS1090,HS1090+
NA15B001,HS5070,HS5930,HS3002,HS3002A,HS3002B,HS3002C,HS3002D,HS1110,HS1090,HS1090+
NA15B002,HS1110,HS1090,HS5070,HS2050,HS4002,HS3280,HS3420A,HS5920,HS5930,HS4005
NA15B003,HS1090,HS4005,HS4002,HS3002,HS1110,HS3420A,HS3280,HS2050,HS3002D,HS4540
NA15B004,HS5930,HS1090,HS4002,HS4006,HS5070,HS3420,HS1110,HS3002,HS3002A,HS3002B
NA15B005,HS5930,HS5070,HS1110,HS4006,HS5920,HS2050,HS4002,HS4005,HS3002,HS3002A
NA15B006,HS1090,HS5930,HS3002,HS2050,HS1110,HS3420A,HS5920,HS4005,HS5070
NA15B007,HS3002A,HS3002B,HS3002C,HS3002D,HS5920
NA15B008,HS5920,HS5930,HS5070,HS4002
NA15B010,HS3002A,HS3002B,HS3002C,HS3002D,HS5920,HS5070,HS4002,HS4540,HS4005,HS5930,HS2050
NA15B011,HS3002,HS3002A,HS3002B,HS3002C,HS3002D,HS5920,HS2050,HS4002,HS1090,HS1110
NA15B012,HS1090,HS1110,HS2050,HS4002,HS4005,HS4540,HS3420,HS3280,HS5930,HS5920,HS5070
NA15B013,HS5930,HS1090,HS1110,HS2050,HS5070,HS4006
NA15B014,HS1110,HS1090,HS5930,HS4002,HS4540,HS5920,HS4005,HS3420,HS5070
NA15B016,HS1090,HS3002,HS3420A,HS5930,HS5070
NA15B017,HS5920,HS5930,HS5070,HS3002,HS3002A,HS3002B,HS3002C,HS3002D,HS4002,HS3280,HS3420A,HS4540,HS4005,HS1110,HS1090,HS1090+,HS2050,HS4006
NA15B018,HS3002,HS3002A,HS3002B,HS3002C,HS3002D,HS5920,HS5930,HS5070,HS4540,HS4005,HS3280,HS3420A,HS1090,HS1090+,HS1110,HS4002,HS2050
NA15B019,HS3002A,HS3002B,HS3002C,HS3002D,HS5920,HS5930,HS4002,HS4006,HS5070,HS4540,HS3420,HS4005,HS3280,HS2050,HS1110,HS1090,HS1090+
NA15B020,HS5930,HS1110,HS5070,HS4002,HS4006,HS5920,HS2050,HS4005,HS3002,HS3002A
NA15B022,HS3002C,HS3002B,HS3002A,HS1090+,HS1090,HS3002D,HS5070,HS4002,HS4005,HS2050,HS3002,HS3280,HS1110,HS4540,HS5920,HS3420A,HS5930
NA15B023,HS1090,HS1110,HS1090+,HS5930,HS3002D,HS3002B,HS3002A,HS3002C,HS3002,HS4006
NA15B024,HS3002,HS3002A,HS3002B,HS3002C,HS3002D,HS1090,HS1090+,HS1110,HS5930,HS4002,HS3420A,HS4006
NA15B025,HS1090,HS1110,HS4540,HS5070,HS4005,HS5920,HS2050,HS3002,HS4002,HS3420A
NA15B028,HS3002,HS3002A,HS3002B,HS3002C,HS3002D,HS5930,HS5920,HS5070,HS4002,HS1090,HS1090+
NA15B029,HS1110,HS1090,HS1090+,HS3002D,HS3002,HS3002A,HS3002B,HS3002C,HS5930,HS3280,HS3420A,HS5070
NA15B030,HS3002,HS3002A,HS3002B,HS3002C,HS3002D
NA15B031,HS3002A,HS3002B,HS3002C,HS3002D,HS5920,HS4002,HS5930,HS4540,HS4005,HS5070
NA15B032,HS2050,HS4006,HS4540,HS5070,HS3280,HS4005,HS5920,HS1090,HS1090+,HS1110,HS5930,HS3420A,HS4002
NA15B033,HS1090,HS4005,HS4002,HS3002,HS1110,HS3280,HS2050,HS5920,HS4540,HS3002D
NA15B034,HS3002,HS1090,HS1110,HS2050,HS5920,HS4002,HS4540
NA15B036,HS3002B,HS1090,HS1110,HS3002D,HS5070
NA15B039,HS1090,HS1090+,HS3002,HS3002B,HS3002C,HS3002A,HS3002D,HS2050,HS5930,HS4006,HS5070
NA15B041,HS2050,HS3002,HS4002,HS1110,HS1090,HS3280,HS5070,HS5930,HS5920
NA15B042,HS1110,HS4006,HS3002,HS3002A,HS5930,HS4002,HS3280,HS5920
NA15B043,HS1110,HS3420A,HS4006,HS2050,HS4540
NA15B044,HS1090,HS1110,HS4006,HS5920,HS5930,HS3002
NA15B045,HS1110,HS3280,HS5930,HS2050,HS4006,HS1090,HS1090+,HS4002,HS4540,HS5920,HS4005,HS3002,HS3002A,HS3002B,HS3002C,HS3002D,HS5070
NA15B046,HS1090,HS1110,HS4006,HS5930,HS5070,HS2050,HS4540,HS3280,HS5920
NA15B047,HS1110,HS4540,HS3002,HS1090,HS4002,HS5920,HS5930,HS3280,HS4005,HS2050
NA15B048,HS4006,HS2050,HS4002,HS4540
NA15B049,HS3002,HS3002A,HS3002B,HS3002C,HS5930,HS5070,HS3420A,HS3280,HS2050,HS4540,HS4005,HS4006,HS4002,HS1090,HS1110
PH15B001,HS1110,HS1090,HS1090+,HS2050,HS4006,HS5930,HS4540,HS5070,HS4005,HS4002
PH15B005,HS1090,HS1090+,HS1110,HS4006,HS5930,HS2050,HS5070,HS5920,HS4005,HS3280
PH15B006,HS2050,HS1090,HS1110,HS4005,HS3002,HS3002A,HS3002B,HS3002C,HS3002D,HS5070
PH15B007,HS1090,HS4006,HS2050,HS3280,HS4005,HS4540,HS5070,HS5920,HS5930,HS3420,HS1110,HS4002,HS3002
PH15B008,HS3002,HS3002A,HS3002B,HS3002C,HS3002D,HS3420A,HS4005,HS5920,HS5930,HS2050
PH15B009,HS1090,HS2050,HS3002,HS3002A,HS3002B,HS3002C,HS3002D,HS1110,HS4006,HS5070
