BT1000,CS15B050,CS15B049,CE15B056,CS15B001,CS15B031,EE15B093
BT1022,CS15B029,CS15B015,CS15B035,CS15B040,CS15B027,CS15B001,CS15B016,CS15B021,EE15B099,CS15B025,CS15B042,CS15B036,EE15B084,CS15B026,CS15B030,CS15B031,CS15B018,CS15B017,CS15B049,CS15B008,CS15B012,CS15B050,CS15B011,CS15B020,CS15B019,CS15B046,CS15B034,CS15B009,CS15B010,CS15B013,CS15B043,EE15B093,CE15B104
BT2010,CE15B006,EE15B084,CS15B005,EE15B119,EE15B132,EE15B104,CE15B034,CE15B038,CE15B040,CE15B076,CE15B058,CE15B012,CS15B037,CS15B041,CE15B068,EE15B024,EE15B080,CS15B025,CE15B071,CE15B043,CE15B002,CE15B059,CS15B036,CE15B050,CS15B008,CS15B049,CE15B019,CS15B011,EE15B060,CE15B046,CE15B079,CE15B060,CS15B009,CE15B045,CE15B063,CS15B029,CE15B042,EE15B049,CS15B017,CS15B051,EE15B090,CE15B023,CE15B001,CS15B024,CS15B040,CE15B036,EE15B050,CE15B018,CE15B008,CE15B039,CE15B037,CE15B028,CS15B035,CS15B018,CS15B010,CS15B019,CE15B054,CE15B102,CE15B029,CE15B073,EE15B098,CS15B027,CE15B047,CS15B015,CE15B031,CS15B034,CE15B074,CE15B030,CE15B033,CE15B084,CE15B062,EE15B102,EE15B089,CE15B072,CE15B052,EE15B081,EE15B042,CE15B066,CE15B077,CS15B042,CE15B011,CS15B030,CS15B016,CE15B087,CS15B043,EE15B011,CS15B012,CS15B020,CS15B046,CE15B078,CS15B031,CS15B054,CS15B013,CE15B070,CE15B104,EE15B093,CE15B103
BT2012,EE15B102,CE15B044,EE15B081,EE15B104,CE15B019,CS15B002,CE15B038,CE15B052,CS15B049,EE15B086,CE15B010,EE15B089,CE15B023,EE15B108,CS15B007,CS15B008,CS15B038,CE15B012,CE15B059,CE15B001,CE15B034,CE15B066,CE15B058,CS15B051,CS15B023,CE15B043,EE15B045,EE15B115,CS15B003,CS15B020,CE15B102,CE15B071,CE15B063,EE15B103,CE15B047,CE15B002,EE15B098,CE15B065,EE15B090,EE15B087,CE15B050,CS15B004,EE15B100,CS15B011,CS15B042,CE15B077,EE15B128,CE15B040,EE15B051,EE15B114,CE15B046,CE15B073,CS15B010,CE15B068,CE15B056,CS15B036,CE15B086,CS15B019,CS15B022,CE15B057,CE15B015,CE15B076,CS15B025,EE15B027,CS15B018,CE15B024,EE15B117,CE15B036,EE15B099,CS15B041,CS15B037,CE15B048,CE15B092,CE15B069,EE15B088,EE15B116,EE15B020,CE15B054,CS15B017,CS15B029,CE15B032,CE15B017,CE15B037,CS15B030,EE15B096,CE15B027,CS15B005,CE15B011,CE15B039,CE15B041,CS15B040,CE15B003,CE15B049,CS15B009,CE15B060,CE15B005,CS15B028,CS15B035,CS15B034,EE15B084,CS15B024,CS15B013,CE15B078,CE15B042,CE15B029,CE15B031,CE15B018,CS15B048,CE15B079,CE15B008,CE15B082,CS15B012,CS15B054,CS15B061,CE15B028,CE15B013,CE15B007,CS15B056,CS15B045,CS15B050,CE15B026,CE15B064,CE15B074,CE15B030,CE15B062,CS15B016,CE15B070,EE15B132,CS15B047,CS15B027,CE15B087,CS15B052,CE15B033,CE15B006,CS15B046,CE15B089,CS15B006,CE15B084,CE15B035,EE15B093,CS15B031,CS15B026,EE15B120,CS15B043,EE15B011,CE15B072,CS15B015,CS15B044,CS15B032,EE15B092,CS15B001,CS15B053,CE15B104,CE15B103
BT2030,CE15B052,CE15B057,CE15B036,CE15B023,CS15B001,CE15B072,CE15B101,CE15B077,CE15B047,CE15B058,CE15B012,CE15B019,CE15B073,CE15B087,CE15B060,CE15B001,CE15B078,CE15B002,CS15B051,CE15B044,CE15B059,CE15B008,CE15B063,CE15B070,CS15B024,CE15B030,CE15B104
CE2040,EE15B093
CE2080,CS15B032,EE15B093
CE3242,CE15B089,CS15B044,CE15B056,CE15B103,EE15B093
CH2012,CS15B057,CE15B104,CE15B103,EE15B093
CH2061,CS15B012,CS15B059,CS15B024,CS15B044,CS15B045,CS15B057,CS15B043,CS15B054,CS15B050,CS15B013,CS15B052,CS15B030,CS15B009,CS15B017,CS15B047,CS15B056,CS15B031,CS15B051,CS15B018,CS15B006,CS15B007,CS15B027,CS15B022,EE15B064,CS15B010,CS15B042,CS15B046,CS15B002,CS15B058,CS15B003,CS15B038,CS15B020,CS15B005,CS15B015,CS15B053,CS15B037,CS15B008,CS15B034,CS15B011,CS15B035,CS15B029,CS15B040,CE15B103,CS15B025,CS15B036,CS15B019,CS15B016,CS15B049,CE15B104,EE15B093
EE1100,CE15B104,CE15B103,CE15B099
EE2015,CS15B032,CE15B105,CE15B104,CS15B057,CE15B103,CS15B023,CE15B056,CS15B053
EE2016,CS15B001
EE2025,CE15B032,CE15B009,CE15B030,CE15B007,CE15B074,CE15B088,CE15B022,CE15B051,CE15B070,CE15B084,CE15B072,CE15B062,CE15B066,CE15B035,CE15B087,CE15B100,CE15B033,CE15B026,CE15B053,CE15B064,CE15B055,CE15B101,CE15B065,CE15B056,CE15B031,CS15B057,CE15B041,CE15B078,CE15B069,CE15B024,CE15B011,CE15B044,CE15B015,CE15B063,CS15B001,CS15B053,CE15B023,CE15B104
EE3301,EE15B120,EE15B092
EE4371,EE15B052,EE15B123,EE15B125,EE15B069,EE15B085,EE15B130,EE15B094,EE15B105,EE15B096,EE15B113,EE15B127,EE15B091,EE15B074,EE15B025,EE15B124,CE15B064,EE15B134,EE15B129,EE15B092,EE15B011
EE5110,EE15B092,EE15B120
EP2110,CE15B104,CE15B103
EP3200,EE15B132,EE15B082,EE15B022,EE15B101,EE15B015,EE15B093,EE15B014,EE15B042,EE15B020,CS15B058,EE15B121,EE15B029,EE15B026,EE15B048,EE15B037,EE15B036,EE15B050,EE15B028,EE15B043,EE15B120,EE15B031,EE15B112,EE15B088,EE15B122,EE15B064,EE15B012,EE15B116,EE15B016,EE15B021,EE15B110,EE15B083,EE15B073,EE15B133,EE15B049,EE15B033,EE15B062,EE15B079,EE15B086,CS15B052,EE15B011,EE15B103,CS15B047,EE15B087,CS15B053,CS15B056,EE15B092,EE15B115,EE15B130,EE15B045,CS15B045,EE15B090,EE15B100,EE15B051,EE15B089,EE15B119,EE15B098,EE15B080,EE15B024,EE15B081,CS15B044,EE15B102,CS15B059,EE15B084,CE15B104,CS15B009,CS15B041,CS15B024,CS15B008,CE15B030,CS15B051,CE15B103
OE3010,CS15B032,CE15B104,EE15B093,CE15B103
OE4340,CS15B026,CE15B045,CS15B043,CS15B019,CS15B022,CS15B032,EE15B042,EE15B093,CS15B036,CS15B054,CS15B013,CS15B045,CS15B040,CS15B029,CS15B056,CS15B047,CS15B035,CS15B052,EE15B084,CS15B046,CS15B010,CS15B034,CS15B031,CS15B030,CS15B017,CS15B015,CS15B008,CE15B103
PH2170,CE15B069,CE15B042,CE15B022,CE15B062,CE15B004,CE15B095,CE15B011,CE15B033,CE15B092,CE15B085,CE15B049,CE15B093,CE15B013,CE15B060,CE15B055,CE15B008,CE15B028,CE15B078,CE15B100,CE15B084,CE15B037,CE15B091,CE15B018,CE15B027,CE15B054,CE15B053,CE15B005,CE15B074,CE15B070,CE15B041,CE15B072,CE15B082,CE15B051,CE15B029,CE15B087,CE15B039,CE15B021,CE15B003,CE15B096,CE15B088,CE15B075,CE15B079,CE15B035,CE15B031,CE15B089,CE15B017,CE15B101,CE15B094,CE15B067,CE15B026,CE15B047,CE15B030,CE15B015,CE15B073,CE15B044,CE15B063,CE15B065,CE15B045,CE15B007,CE15B024,CE15B006,CE15B048,CE15B001,CE15B077,CE15B057,CE15B019,CE15B059,CE15B066,CE15B052,CE15B040,CE15B034,CE15B076,CE15B038,CE15B050,CE15B032,CE15B043,CE15B068,CE15B002,CE15B046,CE15B071,CE15B023,CE15B012,CE15B103
PH3500,CS15B061,CS15B016,CS15B048,CS15B034,CS15B001,EE15B080,EE15B038,CS15B006,EE15B060,EE15B011,EE15B024,CS15B039,CS15B028,CS15B031,CS15B053,EE15B106,CS15B021,CS15B046,EE15B065,CS15B023,EE15B083,EE15B082,CS15B015,EE15B098,EE15B042,CS15B059,EE15B049,EE15B102,EE15B119,EE15B081,EE15B050,EE15B033,CE15B102,EE15B093,EE15B043,EE15B062,EE15B089,CS15B026,CS15B020,CS15B043,EE15B103,CS15B013,CS15B012,EE15B115,EE15B088,EE15B100,EE15B064,CS15B041,CS15B058,CE15B048,CS15B054,CS15B010,CS15B052,EE15B090,CE15B029,CE15B070,CE15B089,CS15B056,CS15B047,CE15B018,CS15B044,CE15B104,CS15B030,CS15B045,CS15B017,CS15B027,CS15B025,EE15B084,CS15B011,EE15B120,CS15B035,CS15B040,CS15B008,CS15B024,CS15B036,CS15B029,CE15B103
