Student Roll Number, Course ID 
AE15B001,AS5212
AE15B001,AS3050
AE15B001,CS1200
AE15B003,AS5211
AE15B005,AS5211
AE15B006,AS5212
AE15B006,AS5540
AE15B006,AS5670
AE15B007,AS5211
AE15B008,AS5540
AE15B008,AS5213
AE15B009,AS5213
AE15B009,AS5460
AE15B010,AS6060
AE15B010,AS5213
AE15B011,AS5213
AE15B011,AS5540
AE15B012,AS3050
AE15B012,MA2040
AE15B013,AS6010
AE15B014,AS5213
AE15B014,AS3050
AE15B014,AS5540
AE15B015,AS5213
AE15B016,AS5213
AE15B016,BT3041
AE15B018,MA2040
AE15B019,AS6320
AE15B019,AS5435
AE15B020,AS5213
AE15B020,AS5850
AE15B021,AS5213
AE15B021,BT3041
AE15B022,AS5213
AE15B022,AS5540
AE15B023,AS5213
AE15B023,AS5540
AE15B026,AS5212
AE15B026,AS5540
AE15B026,AS6060
AE15B029,AS5212
AE15B029,AS6010
AE15B030,AS5213
AE15B030,AS5850
AE15B030,AS5990
AE15B031,AS3050
AE15B031,AS5540
AE15B032,AS5212
AE15B032,BT3041
AE15B033,AS5212
AE15B033,AS6060
AE15B035,AS6060
AE15B035,AS5213
AE15B035,AS5460
AE15B036,AS5540
AE15B036,AS5212
AE15B037,AS3050
AE15B037,AS5213
AE15B037,AS5400
AE15B037,AS5670
AE15B038,BT3041
AE15B038,AS5212
AE15B039,AS5213
AE15B039,CH5440
AE15B039,AS5540
AE15B040,EE5351
AE15B040,AS5213
AE15B040,CH5440
AE15B042,AS5212
AE15B043,AS5213
AE15B043,AS6060
AE15B045,AS5212
AE15B045,BT3041
AE15B045,MA2040
AE15B046,AS5213
AE15B046,MA2040
AE15B050,MA2040
AE15B051,AS5213
AE15B051,CS6700
AE15B051,CS6370
AE15B053,MA2040
AE15B053,AS5213
AE15B055,AS5213
AE15B056,AS5213
AE15B056,MA2040
AE15B058,AS5540
AE15B058,AS5710
AE15B058,MA2040
AE15B058,MS3540
AE15B059,AS5213
AE15B059,AS6010
BE15B005,BT6310
BE15B005,BT5440
BE15B005,BT3040
BE15B006,BT5410
BE15B006,BT5330
BE15B006,BT3040
BE15B007,BT3040
BE15B007,BT5440
BE15B008,BT5041
BE15B009,BT5410
BE15B009,BT5330
BE15B011,BT5041
BE15B011,MA2040
BE15B011,MS3510+
BE15B012,CH5440
BE15B012,EE5351
BE15B013,BT3040
BE15B013,HS4571
BE15B014,BT3040
BE15B015,BT3040
BE15B015,MA2040
BE15B017,MA2040
BE15B017,BT3040
BE15B017,BT5440
BE15B018,BT5041
BE15B018,MA2040
BE15B018,BT3040
BE15B019,BT3040
BE15B019,MS3510+
BE15B019,BT5440
BE15B021,MA2040
BE15B021,BT3040
BE15B021,EE1100
BE15B022,EE5154
BE15B022,BT3040
BE15B022,EE2004
BE15B023,MA2040
BE15B023,CH5440
BE15B025,BT5041
BE15B025,MA2040
BE15B025,MS3510+
BE15B026,BT3040
BE15B026,GN6001
BE15B026,BT4230
BE15B026,BT5440
BE15B027,BT3040
BE15B027,EE2004
BE15B028,CH5180
BE15B028,BT3040
BE15B028,BT5440
BE15B029,BT5440
BE15B029,MA2040
BE15B030,HS4210
BE15B030,BT5410
BE15B030,BT4230
BE15B032,BT3040
BE15B032,BT6310
BE15B032,MS3510+
BE16B001,BT2082
BE16B002,MA2040
BE16B002,HS1110
BE16B003,BT2082
BE16B004,HS1090
BE16B006,HS1090
BE16B006,MA2030
BE16B007,MA2040
BE16B007,HS3002A
BE16B008,HS1090
BE16B008,BT2082
BE16B010,MA2040
BE16B011,HS3002
BE16B011,BT2082
BE16B014,BT2082
BE16B014,HS5920
BE16B015,BT2082
BE16B016,BT2082
BE16B016,HS5920
BE16B017,MA2040
BE16B017,HS3002C
BE16B020,HS5920
BE16B021,BT4240
BE16B022,HS5920
BE16B026,HS3280
BE16B026,BT2082
BE16B029,HS1090
BE16B029,BT2082
BE16B030,HS1110
BE16B031,HS3002A
BE16B031,BT2082
BE16B035,BT2082
BE16B035,HS5920
BE16B036,BT2082
BS15B002,BT4230
BS15B002,MA2020
BS15B003,BT5330
BS15B003,MA2020
BS15B004,MA2040
BS15B004,BT5410
BS15B005,ID5030
BS15B005,MA2040
BS15B006,MA2040
BS15B007,GN6001
BS15B007,BT5330
BS15B008,MA2040
BS15B010,BT5330
BS15B010,BT4230
BS15B011,BT5410
BS15B011,BT5440
BS15B012,MA2040
BS15B013,MS3510
BS15B013,HS2370
BS15B014,BT5330
BS15B018,BT4230
BS15B020,BT4240
BS15B020,BT4230
BS15B021,GN6001
BS15B022,MA2040
BS15B022,BT5440
BS15B023,MA2040
BS15B024,MA2040
BS15B025,MA2040
BS15B025,HS3021
BS15B027,BT4230
BS15B028,BT5440
BS15B028,BT5410
BS15B032,GN6001
CE15B001,HS2370
CE15B001,CE3330
CE15B001,CE5014
CE15B001,MS3510+
CE15B002,HS2370
CE15B002,MS3510+
CE15B002,CE5014
CE15B002,CE3330
CE15B003,HS3090
CE15B003,CE5100
CE15B003,GN6001
CE15B004,HS3002A
CE15B004,MS3510+
CE15B004,CE4640
CE15B004,CE3330
CE15B005,HS5930
CE15B005,CE3420
CE15B005,CE5100
CE15B005,CE4640
CE15B005,CE5730
CE15B006,HS3021
CE15B006,MS3540
CE15B006,CE6013
CE15B006,MS3590
CE15B007,CE4310
CE15B007,CE4640
CE15B009,HS3002B
CE15B009,CE5390
CE15B009,MS3540
CE15B009,CE5100
CE15B010,GN6001
CE15B010,CE4011
CE15B011,HS3090
CE15B011,CE4310
CE15B011,CE3330
CE15B011,CE3420
CE15B012,HS3002D
CE15B012,MS3540
CE15B012,CE5100
CE15B013,MS3510+
CE15B013,HS3023
CE15B013,CE5017
CE15B015,CE6011
CE15B015,CE6870
CE15B015,CE5390
CE15B015,MS3510+
CE15B017,CE3420
CE15B017,CE4310
CE15B017,HS3002D
CE15B017,CE3241
CE15B018,HS3002D
CE15B018,CE5390
CE15B018,CE3420
CE15B018,CE5100
CE15B018,CE5014
CE15B019,MS3510
CE15B019,HS3002D
CE15B019,CE5390
CE15B019,CE5014
CE15B021,MS3530
CE15B021,CE5390
CE15B021,CE5290
CE15B022,MS3510
CE15B022,CE4310
CE15B022,HS3023
CE15B022,CE6011
CE15B023,CE6520
CE15B023,CE4310
CE15B023,CE5100
CE15B023,GN6001
CE15B023,HS5920
CE15B024,CE3330
CE15B024,CE5100
CE15B026,CE5290
CE15B026,CE5610
CE15B026,CE4310
CE15B026,CE4640
CE15B027,HS3002D
CE15B027,CE3420
CE15B027,CE3241
CE15B027,CE4310
CE15B029,HS3002D
CE15B029,CE5390
CE15B029,CE3420
CE15B029,CE5014
CE15B029,CE5100
CE15B030,CE4310
CE15B030,HS5920
CE15B030,CE5014
CE15B030,CE4640
CE15B031,HS2370
CE15B031,CE4310
CE15B031,CE5610
CE15B031,CE5730
CE15B032,CE5014
CE15B032,CE5290
CE15B032,HS3280
CE15B032,CE6011
CE15B033,HS5930
CE15B033,CE4310
CE15B033,CE5610
CE15B033,CE5730
CE15B035,MS3510
CE15B035,CE6011
CE15B035,CE5100
CE15B037,CE5390
CE15B037,MS3540
CE15B037,CE6011
CE15B037,CE5100
CE15B038,HS5920
CE15B040,HS5920
CE15B040,CE4310
CE15B040,CE3330
CE15B040,CE5100
CE15B041,CE4901
CE15B041,CE6870
CE15B042,HS3002D
CE15B042,CE5390
CE15B042,CE6011
CE15B042,CE5014
CE15B042,CE5100
CE15B043,CE4310
CE15B043,CE3420
CE15B043,CE3330
CE15B043,HS2370
CE15B044,HS3002D
CE15B044,CE5730
CE15B044,CE3420
CE15B044,CE3330
CE15B046,CE4310
CE15B046,HS2370
CE15B046,CE5730
CE15B047,MS3590
CE15B047,HS3090
CE15B047,GN6001
CE15B048,MS3530
CE15B048,CE5290
CE15B049,MS3510+
CE15B049,MS3540
CE15B049,EE5175
CE15B049,HS2370
CE15B050,HS2370
CE15B050,CE4310
CE15B050,CE3330
CE15B051,HS5930
CE15B051,CE5730
CE15B051,CE4640
CE15B051,CE5610
CE15B052,MS3510+
CE15B052,MS3540
CE15B052,CE5390
CE15B052,HS2370
CE15B053,HS4571
CE15B053,CE3420
CE15B053,CE4640
CE15B053,CE5290
CE15B054,HS5930
CE15B054,CE5730
CE15B054,CE6011
CE15B055,CE4310
CE15B055,CE4640
CE15B055,MS3510+
CE15B055,CE3420
CE15B056,CE6520
CE15B056,CE4310
CE15B056,CE5100
CE15B056,GN6001
CE15B056,HS2370
CE15B057,CE6520
CE15B057,CE4310
CE15B057,CE5100
CE15B057,GN6001
CE15B057,HS2370
CE15B058,HS2370
CE15B059,MS3510
CE15B059,HS3002D
CE15B059,CE5390
CE15B059,CE5014
CE15B060,CE3420
CE15B060,CE3241
CE15B060,CE4310
CE15B060,HS5920
CE15B062,CE4310
CE15B062,CE5730
CE15B062,CE5610
CE15B062,HS4030
CE15B063,HS5930
CE15B063,CE5014
CE15B063,MS3510+
CE15B063,CE3330
CE15B064,CE5017
CE15B064,MS3540
CE15B064,CE6840
CE15B064,MS3510+
CE15B065,MS3510
CE15B065,CE6870
CE15B065,CE3330
CE15B066,CE3420
CE15B066,CE4310
CE15B066,CE4640
CE15B067,MS3590
CE15B067,MS3540
CE15B067,CE4310
CE15B068,HS1090
CE15B068,CE4310
CE15B068,CE3330
CE15B068,CE5100
CE15B069,HS3002
CE15B069,CE5610
CE15B069,MS3590
CE15B070,CE4310
CE15B070,CE3420
CE15B070,HS3002D
CE15B071,CE5014
CE15B071,HS4571
CE15B071,CE5100
CE15B071,CE5730
CE15B072,HS3021
CE15B072,CE4310
CE15B072,CE5730
CE15B072,CE3420
CE15B073,HS5930
CE15B073,CE5350
CE15B073,CE5014
CE15B073,ID3100
CE15B074,HS1090
CE15B074,CE4310
CE15B074,CE5014
CE15B074,CE5730
CE15B075,CE5730
CE15B075,CE5014
CE15B075,CE4310
CE15B075,CE5100
CE15B076,CE3420
CE15B076,CE5610
CE15B076,CE5014
CE15B076,HS5920
CE15B077,HS2370
CE15B077,CE5014
CE15B077,CE5730
CE15B078,CE4310
CE15B078,HS2370
CE15B078,CE5730
CE15B078,CE5014
CE15B079,CE5390
CE15B079,MS3590
CE15B079,CE5100
CE15B079,CE6011
CE15B080,MA2020
CE15B080,HS5920
CE15B082,HS3021
CE15B082,CE5730
CE15B082,CE6011
CE15B084,HS3002D
CE15B084,CE4310
CE15B084,CE5730
CE15B084,CE5610
CE15B085,CE4901
CE15B085,CE4640
CE15B085,CE5610
CE15B085,CE5730
CE15B086,MS3510
CE15B086,CE4310
CE15B086,CE6011
CE15B086,CE5100
CE15B086,CE6870
CE15B087,HS2370
CE15B087,CE5014
CE15B087,CE5017
CE15B087,CE5100
CE15B087,CE5480
CE15B088,HS1090
CE15B088,CE4310
CE15B088,PH5480
CE15B088,PH5870
CE15B089,MS3510
CE15B089,CE6870
CE15B089,CE5390
CE15B091,MS3510
CE15B091,CE6840
CE15B091,CE6870
CE15B091,CE5390
CE15B091,CE5100
CE15B092,CE5100
CE15B092,CE4310
CE15B092,CE6870
CE15B093,CE5100
CE15B093,CE4310
CE15B093,HS4571
CE15B093,CE5730
CE15B093,CE5014
CE15B096,CE5610
CE15B096,CE5730
CE15B096,CE4640
CE15B096,CE5100
CE15B099,EE1100
CE15B099,CE3420
CE15B099,GN6001
CE15B100,CE6520
CE15B100,CE6400
CE15B100,CE4011
CE15B101,CE3420
CE15B101,CE4310
CE15B101,CE3241
CE15B101,HS5920
CE15B102,MS3510
CE15B102,HS3090
CE15B102,CE6011
CE15B102,CE5014
CE15B103,HS4450
CE15B103,CE5100
CE15B103,MS3540
CE15B103,CE5730
CE15B104,CE6400
CE15B104,CE4011
CE15B104,CE6520
CE15B105,HS4002
CE15B105,CE5730
CE16B001,MA2040
CE16B001,HS5930
CE16B002,HS5930
CE16B003,MA2040
CE16B003,HS5920
CE16B005,MA2040
CE16B005,HS3002C
CE16B006,MA2040
CE16B006,HS5930
CE16B007,MA2040
CE16B008,HS5920
CE16B009,MA2040
CE16B009,HS3090
CE16B010,MA2020
CE16B011,HS3002C
CE16B011,MA2020
CE16B012,MA2020
CE16B012,HS3002C
CE16B013,MA2020
CE16B014,MA2040
CE16B014,HS5930
CE16B015,MA2040
CE16B015,HS3002C
CE16B016,HS3002C
CE16B016,MA2020
CE16B017,MA2040
CE16B017,HS3002C
CE16B018,MA2040
CE16B018,HS5920
CE16B019,MA2020
CE16B019,HS3002C
CE16B020,MA2040
CE16B020,HS5930
CE16B021,MA2020
CE16B021,HS3002C
CE16B022,MA2020
CE16B022,HS4002
CE16B023,HS3002C
CE16B023,MA2040
CE16B024,MA2030
CE16B024,HS4571
CE16B025,MA2020
CE16B026,MA2040
CE16B026,HS5920
CE16B027,MA2040
CE16B027,HS1110
CE16B028,MA2020
CE16B028,HS3002B
CE16B030,MA2040
CE16B031,MA2040
CE16B031,HS3002D
CE16B032,HS3002C
CE16B032,MA2020
CE16B033,MA2040
CE16B034,HS3002C
CE16B034,MA2040
CE16B035,MA2040
CE16B035,HS5930
CE16B036,HS3002C
CE16B037,MA2040
CE16B037,HS5920
CE16B038,MA2040
CE16B038,HS5930
CE16B040,MA2040
CE16B041,MA2030
CE16B041,HS4002
CE16B042,MA2040
CE16B043,MA2040
CE16B044,MA2030
CE16B045,MA2040
CE16B045,HS5930
CE16B046,HS3002C
CE16B046,MA2030
CE16B047,MA2040
CE16B047,HS3002C
CE16B048,MA2040
CE16B048,HS4030
CE16B049,MA2040
CE16B049,HS5930
CE16B050,MA2040
CE16B051,HS3002D
CE16B051,MA2040
CE16B052,MA2040
CE16B052,HS5930
CE16B053,MA2031
CE16B055,MA2020
CE16B055,HS5920
CE16B056,MA2040
CE16B056,HS3002C
CE16B057,MA2040
CE16B057,HS5930
CE16B058,MA2040
CE16B058,HS3002B
CE16B059,MA2020
CE16B059,HS3002A
CE16B060,MA2020
CE16B060,HS3002C
CE16B061,MA2020
CE16B061,HS3002B
CE16B062,MA2030
CE16B063,MA2040
CE16B063,HS5930
CE16B064,MA2040
CE16B064,HS3002B
CE16B065,MA2031
CE16B065,HS3002D
CE16B101,HS3002D
CE16B101,MA2040
CE16B102,MA2040
CE16B102,HS5930
CE16B103,MA2020
CE16B103,HS5920
CE16B104,MA2020
CE16B104,HS5920
CE16B105,MA2040
CE16B105,HS3002A
CE16B106,MA2040
CE16B106,HS5930
CE16B108,MA2040
CE16B108,HS5920
CE16B109,MA2020
CE16B110,MA2040
CE16B110,HS4002
CE16B111,MA2040
CE16B112,MA2020
CE16B112,HS3002C
CE16B113,MA2020
CE16B114,MA2040
CE16B115,MA2031
CE16B116,MA2040
CE16B116,HS5920
CE16B117,MA2020
CE16B117,HS3002C
CE16B118,HS5920
CE16B119,MA2040
CE16B119,HS5920
CE16B120,HS5920
CE16B121,MA2040
CE16B121,HS5920
CE16B123,MA2040
CE16B123,HS5930
CE16B124,HS3002B
CE16B124,MA2030
CE16B125,MA2020
CE16B126,MA2040
CE16B127,HS3002B
CE16B127,MA2030
CE16B128,MA2020
CE16B129,MA2020
CE16B130,MA2020
CE16B130,HS3002C
CE16B131,MA2040
CE16B131,HS5930
CE16B133,MA2020
CE16B134,MA2020
CE16B134,HS5920
CE16B135,MA2020
CE16B135,HS3002B
CE16B136,MA2040
CE16B136,HS3002A
CE16B137,HS3002D
CE16B137,MA2040
CH15B001,MS3510
CH15B002,CH5200
CH15B002,MA2040
CH15B002,MS3540
CH15B003,CH5023
CH15B003,MS3510+
CH15B003,MA2040
CH15B004,MA2040
CH15B004,CH5200
CH15B005,MA2040
CH15B005,CH4170
CH15B006,MA2040
CH15B006,MS3510+
CH15B006,CH5400
CH15B007,CH5200
CH15B007,MS3540
CH15B008,CH5200
CH15B008,MS3540
CH15B009,CH5470
CH15B009,CH5200
CH15B009,CH6020
CH15B010,CH5440
CH15B010,CH5470
CH15B010,HS4571
CH15B011,MA2040
CH15B011,MS3540
CH15B011,CH5200
CH15B012,MA2040
CH15B012,CH4170
CH15B012,CH5200
CH15B013,MA2040
CH15B013,CH4170
CH15B013,CH5200
CH15B014,MS3540
CH15B014,MA2040
CH15B016,CH5200
CH15B016,CH5470
CH15B016,CH5230
CH15B017,CH5015
CH15B017,CH5013
CH15B017,HS2370
CH15B018,CH5015
CH15B018,BT5330
CH15B019,CH5440
CH15B019,CH5230
CH15B021,MA2040
CH15B021,CH5021
CH15B021,CH5200
CH15B022,MA2040
CH15B022,CH4170
CH15B022,CH5200
CH15B024,CH5013
CH15B024,HS2370
CH15B025,MA2020
CH15B025,CH4170
CH15B025,CH5200
CH15B026,CH4170
CH15B026,MA2040
CH15B026,CH5015
CH15B027,CH5440
CH15B027,MS3590
CH15B028,MS3510+
CH15B028,MA2040
CH15B029,MA2040
CH15B029,CH5440
CH15B030,MA2040
CH15B030,MS3510+
CH15B030,CH5440
CH15B031,MA2040
CH15B031,CH5440
CH15B031,CH5013
CH15B033,MA2040
CH15B033,CH5440
CH15B034,CH5015
CH15B034,CH5200
CH15B035,MS3510+
CH15B035,HS4030
CH15B036,CH4170
CH15B036,BT2022
CH15B037,CH5013
CH15B037,CH4170
CH15B038,CH5470
CH15B038,CH5230
CH15B038,CH5440
CH15B039,CH5200
CH15B039,CH5440
CH15B039,MA2040
CH15B040,MA2031
CH15B041,MS3540
CH15B041,MS3510+
CH15B042,MS3590
CH15B043,CH4170
CH15B043,MS3510+
CH15B044,CH5015
CH15B044,ME5134
CH15B044,CH5470
CH15B045,MS3510+
CH15B045,CH5015
CH15B047,CH5015
CH15B048,MA2040
CH15B048,MS3510+
CH15B049,BT2082
CH15B049,CH4170
CH15B050,MA2040
CH15B050,CS2800
CH15B050,CH5440
CH15B051,MA2040
CH15B051,CS2800
CH15B051,CH5200
CH15B052,CH5470
CH15B052,CH5200
CH15B052,CH4170
CH15B053,BT3041
CH15B053,CH5470
CH15B053,CH5440
CH15B054,CS2800
CH15B054,MA2040
CH15B054,CH5440
CH15B055,MS3510
CH15B055,MA2040
CH15B055,CH5023
CH15B056,HS4450
CH15B056,CH5470
CH15B057,MS3510
CH15B057,CH5015
CH15B058,CH6020
CH15B058,MS3510+
CH15B058,MA2040
CH15B058,CH5023
CH15B059,MA2040
CH15B059,CH5440
CH15B060,CH5440
CH15B061,MS3510+
CH15B061,HS4030
CH15B062,CH5023
CH15B062,MS3540
CH15B063,MS3510
CH15B063,CH5023
CH15B064,MS3510
CH15B064,MS3540
CH15B064,CH5470
CH15B066,CH6020
CH15B066,MS3510
CH15B066,MA2040
CH15B067,MA2040
CH15B067,MS3510+
CH15B067,CH5400
CH15B069,CH5023
CH15B069,ME5134
CH15B069,MS3540
CH15B070,CH5021
CH15B070,MS3590
CH15B070,CH6020
CH15B071,CH5200
CH15B071,CH5015
CH15B073,ME5134
CH15B073,MS3510+
CH15B074,CH5015
CH15B074,BT5440
CH15B075,CH4170
CH15B076,CH4170
CH15B076,BT2022
CH15B077,CH4170
CH15B077,BT2022
CH15B078,MS3540
CH15B078,MA2040
CH15B078,MS3590
CH15B079,MS3510
CH15B079,CH4170
CH15B081,CH5023
CH15B081,MM5030
CH15B082,CH4170
CH15B082,MA2040
CH15B082,CH5200
CH15B083,MS3510
CH15B083,HS4002
CH15B084,CH4170
CH15B086,CH5200
CH15B086,CH5015
CH15B087,BT3041
CH15B088,MS3540
CH15B088,MA2040
CH15B088,CH5200
CH15B093,MA2040
CH15B093,CH4170
CH15B093,CH5200
CH15B094,CH5440
CH15B094,MA2030
CH15B095,CH5200
CH15B095,CH5015
CH15B097,CH5470
CH15B097,MS3540
CH16B001,HS2370
CH16B002,MA2020
CH16B002,HS5920
CH16B003,HS5920
CH16B004,HS3090
CH16B005,HS3002A
CH16B005,MA2040
CH16B006,HS3002
CH16B007,HS4571
CH16B009,MA2031
CH16B009,HS2370
CH16B010,HS2370
CH16B011,HS5930
CH16B012,HS1110
CH16B013,HS2370
CH16B014,HS1090
CH16B015,MA2031
CH16B015,HS2370
CH16B016,HS3280
CH16B017,HS5920
CH16B018,HS3002D
CH16B019,HS3002A
CH16B020,HS5920
CH16B021,HS1090
CH16B022,HS5930
CH16B023,HS3002B
CH16B023,MA2020
CH16B024,HS2370
CH16B025,HS4571
CH16B026,MS3540
CH16B026,HS5930
CH16B027,HS4571
CH16B028,HS1110
CH16B029,HS3002C
CH16B029,MA2040
CH16B030,HS3002C
CH16B030,MA2040
CH16B031,MA2020
CH16B031,HS5920
CH16B032,HS5930
CH16B033,HS1090
CH16B034,MA2020
CH16B034,HS5930
CH16B035,HS5930
CH16B035,MA2040
CH16B036,HS5930
CH16B037,CS2810
CH16B037,HS5920
CH16B038,HS3002D
CH16B038,MA2040
CH16B040,HS5930
CH16B041,HS4030
CH16B042,HS3002A
CH16B043,HS1090
CH16B043,MA2030
CH16B045,HS3090
CH16B045,MS3540
CH16B046,HS1090
CH16B046,MA2040
CH16B047,MA2040
CH16B047,HS3090
CH16B048,HS3090
CH16B049,HS3002A
CH16B050,MA2040
CH16B050,HS3002D
CH16B051,HS5930
CH16B052,HS5930
CH16B053,HS3002D
CH16B053,MS3540
CH16B054,HS5920
CH16B055,HS5930
CH16B055,MA2040
CH16B056,HS1090
CH16B057,CH6020
CH16B058,HS3002C
CH16B058,CH5440
CH16B059,HS3002D
CH16B060,HS3002D
CH16B061,HS1110
CH16B062,MS3540
CH16B062,MA2020
CH16B063,HS2370
CH16B064,HS4571
CH16B065,HS1110
CH16B065,MA2020
CH16B066,HS5930
CH16B067,HS5930
CH16B068,HS5920
CH16B069,HS3002D
CH16B070,HS3002D
CH16B072,HS4571
CH16B101,HS3002A
CH16B102,HS1110
CH16B103,HS3002B
CH16B104,HS3002D
CH16B105,HS5930
CH16B105,MA2040
CH16B106,HS3002
CH16B109,HS1110
CH16B110,HS3002B
CH16B111,HS4002
CH16B112,HS3002
CH16B113,HS3002D
CH16B114,HS3002D
CH16B115,HS3002B
CH16B116,HS5930
CH16B116,MA2040
CH16B118,HS1090
CH16B119,HS3002C
CS15B001,CS4900
CS15B001,CS7015
CS15B001,CS6370
CS15B001,CS6700
CS15B002,CS3205
CS15B002,CS6843
CS15B002,CS6530
CS15B002,MA2020
CS15B002,MS3510+
CS15B003,CS3205
CS15B003,CS6843
CS15B003,MA2020
CS15B003,CS6530
CS15B003,BT2082
CS15B004,CS7015
CS15B004,CS6700
CS15B004,CS6852
CS15B004,HS3090
CS15B005,CS3205
CS15B005,CS6530
CS15B005,CS6843
CS15B005,MS3590
CS15B005,MA2020
CS15B006,CS6700
CS15B006,CS6852
CS15B006,CS3205
CS15B006,MA2020
CS15B007,HS2370
CS15B007,MA2020
CS15B007,CS6700
CS15B007,CS6852
CS15B007,CS3205
CS15B008,HS2370
CS15B008,MA2020
CS15B008,CS6700
CS15B008,CS6852
CS15B008,CS3205
CS15B009,CS6370
CS15B009,CS7015
CS15B009,CS4900
CS15B009,HS3090
CS15B010,CS6530
CS15B010,CS3205
CS15B010,CS6370
CS15B010,CS6700
CS15B011,MA2031
CS15B011,HS2370
CS15B011,CS3205
CS15B011,CS6700
CS15B011,CS6852
CS15B012,MA2020
CS15B012,CS6700
CS15B012,CS6852
CS15B012,CS3205
CS15B012,MS3510+
CS15B013,CS6868
CS15B013,MS3510+
CS15B013,HS2370
CS15B013,CS3205
CS15B013,CS6560
CS15B014,CS4900
CS15B014,CS6700
CS15B014,CS6100
CS15B014,MA2020
CS15B014,CS6170
CS15B015,CS6100
CS15B015,CS3205
CS15B015,CS4900
CS15B015,MA2020
CS15B015,CS6843
CS15B016,CS6100
CS15B016,CS6700
CS15B016,CS3205
CS15B016,MS3590
CS15B018,EE1101
CS15B018,CS6843
CS15B018,CS3205
CS15B019,CS2600
CS15B020,HS2370
CS15B020,MA2020
CS15B020,CS6700
CS15B020,CS6852
CS15B020,CS3205
CS15B022,CS6530
CS15B022,CS6100
CS15B022,CS3205
CS15B022,MA2020
CS15B022,MS3590
CS15B024,CS6852
CS15B024,CS3205
CS15B024,HS2370
CS15B024,MA2020
CS15B024,BT2020
CS15B025,CS4900
CS15B025,CS6370
CS15B025,CS7015
CS15B025,HS3090
CS15B027,CS3205
CS15B027,CS6852
CS15B027,MA2020
CS15B027,CS6530
CS15B028,CS3205
CS15B028,CS6852
CS15B028,CS6100
CS15B028,HS4002
CS15B028,MA2020
CS15B029,CS3205
CS15B029,CS6530
CS15B029,CS6852
CS15B029,MA2020
CS15B029,EE6418
CS15B030,CS3205
CS15B030,CS6530
CS15B030,CS6100
CS15B030,MA2020
CS15B030,EE6418
CS15B031,MA2020
CS15B031,CS6170
CS15B031,CS3205
CS15B031,CS6852
CS15B031,HS3090
CS15B032,CS6530
CS15B032,CS3205
CS15B032,CS6843
CS15B032,CS6868
CS15B033,CS6868
CS15B033,CS6330
CS15B033,CS6560
CS15B033,CS3205
CS15B034,CS4900
CS15B034,CS6100
CS15B034,CS6530
CS15B034,CS6170
CS15B035,CS3205
CS15B035,MA2020
CS15B035,CS6852
CS15B035,CS6530
CS15B035,MS3510+
CS15B036,CS3205
CS15B036,CS6852
CS15B036,CS6100
CS15B036,HS4450
CS15B036,MA2030
CS15B037,CS4900
CS15B037,CS3205
CS15B037,CS6843
CS15B037,MS3510+
CS15B037,HS2370
CS15B038,CS3205
CS15B038,CS6868
CS15B038,MA2020
CS15B039,CS4900
CS15B039,CS3205
CS15B039,CS6530
CS15B039,CS6350
CS15B040,CS3205
CS15B040,CS6852
CS15B040,CS6530
CS15B040,MS3510+
CS15B040,MA2020
CS15B041,CS3205
CS15B041,CS6852
CS15B041,CS6100
CS15B042,CS6100
CS15B042,CS3205
CS15B042,CS6843
CS15B042,MS3510+
CS15B042,HS2370
CS15B043,CS3205
CS15B043,CS6868
CS15B043,MA2020
CS15B043,CS6530
CS15B044,CS3205
CS15B044,CS6868
CS15B044,HS3023
CS15B046,CS6700
CS15B046,CS6530
CS15B046,CS6852
CS15B046,CS3205
CS15B047,CS3205
CS15B047,CS6700
CS15B047,MA2020
CS15B047,MS3590
CS15B048,CS3205
CS15B048,CS6530
CS15B048,CS6868
CS15B048,CS6370
CS15B048,CS6843
CS15B049,CS3205
CS15B049,CS6852
CS15B049,CS6330
CS15B049,CS6560
CS15B050,CS3205
CS15B050,CS6852
CS15B050,HS4002
CS15B050,MA2020
CS15B050,MS3590
CS15B051,MA2031
CS15B051,CS3205
CS15B051,HS4450
CS15B051,CS6852
CS15B051,CS6170
CS15B052,MA2031
CS15B052,CS4900
CS15B052,CS3205
CS15B052,CS7015
CS15B053,CS7015
CS15B053,CS6370
CS15B053,CS6852
CS15B053,CS3205
CS15B054,CS3205
CS15B054,CS6100
CS15B054,MA2020
CS15B055,CS2600
CS15B056,CS6852
CS15B056,CS7015
CS15B056,CS3205
CS15B056,HS2370
CS15B056,MA2020
CS15B057,CS6370
CS15B057,CS6530
CS15B057,CS6868
CS15B057,CS3205
CS15B057,CS6100
CS15B058,CS6370
CS15B058,CS6530
CS15B058,CS7015
CS15B058,CS3205
CS15B058,CS6868
CS15B059,MA2031
CS15B059,CS6530
CS15B059,CS3205
CS15B059,CS6852
CS15B060,CS6700
CS15B060,CS7015
CS15B060,CS6852
CS15B060,MA2020
CS15B060,HS4002
CS15B061,CS4900
CS15B061,CS7015
CS15B061,CS6700
CS15B061,CS3205
CS15B061,CS6170
CS16B001,MS3510
CS16B002,MS3510
CS16B003,MS3510
CS16B004,MS3510
CS16B005,MS3510
CS16B007,MS3510
CS16B008,MS3510
CS16B009,MS3510
CS16B010,MS3510
CS16B011,HS3021
CS16B012,MS3540
CS16B013,MS3510
CS16B015,MS3540
CS16B016,MS3510
CS16B017,MS3540
CS16B018,HS3021
CS16B019,MS3540
CS16B020,MS3510
CS16B021,HS3021
CS16B023,HS3021
CS16B025,CS6530
CS16B026,MS3510
CS16B027,CS3205
CS16B028,MS3510
CS16B029,CS6330
CS16B030,MS3540
CS16B031,MS3510
CS16B032,MS3510
CS16B033,MS3510
CS16B034,MS3510
CS16B035,MS3510
CS16B036,MS3510
CS16B039,MS3510
CS16B040,MS3540
CS16B041,CS6530
CS16B042,CS6350
CS16B043,MS3590
CS16B045,HS4002
CS16B046,MS3510
CS16B102,MS3540
CS16B103,MS3510
CS16B104,MS3510
CS16B105,MS3510
CS16B106,MS3590
CS16B107,HS3021
CS16B108,HS3021
CS16B110,MS3510
CS16B112,HS3021
ED15B001,ED5318
ED15B003,ID5030
ED15B003,MS3540
ED15B004,CH5440
ED15B004,CS2810
ED15B005,ED5260
ED15B005,ID4100
ED15B006,ID5030
ED15B007,CH5440
ED15B008,ID5030
ED15B009,ID5030
ED15B010,ED5260
ED15B010,ED5318
ED15B011,CH5230
ED15B012,ID5030
ED15B013,ID5030
ED15B013,CH5440
ED15B014,HS4030
ED15B015,ED5260
ED15B016,HS4030
ED15B017,ID5030
ED15B017,MS3540
ED15B018,CH5440
ED15B019,ID5030
ED15B020,ID5030
ED15B021,ID5030
ED15B021,ED5260
ED15B022,ID5030
ED15B023,CH5440
ED15B024,BT5240
ED15B025,ID5030
ED15B026,ID5030
ED15B027,ED5260
ED15B027,ME6324
ED15B028,ID5030
ED15B028,GN6001
ED15B029,ED5511
ED15B029,GN6001
ED15B030,ID5030
ED15B031,BT5240
ED15B033,ED5511
ED15B034,MS3540
ED15B035,ED5260
ED15B035,ME6324
ED15B036,ID5030
ED15B037,ID5030
ED15B039,ED5260
ED15B039,MS3540
ED15B040,PH5480
ED15B041,ID5030
ED15B042,CH5440
ED15B043,ID5030
ED15B043,CH5440
ED15B044,ED5260
ED15B047,ID5030
ED15B048,ED5260
ED15B048,ID4100
ED15B050,ED5260
ED15B050,ED5318
ED15B051,ID5030
ED15B051,ED5260
ED15B052,CS6350
ED15B052,GN6001
ED15B053,ED5260
ED15B053,AS5400
ED15B055,CS6350
ED16B001,EE3007
ED16B002,MA2031
ED16B003,MA2040
ED16B004,MA2040
ED16B005,MA2031
ED16B006,MA2040
ED16B007,MA2031
ED16B009,MA2040
ED16B010,MA2040
ED16B011,MA2031
ED16B016,MA2040
ED16B017,MA2040
ED16B018,MA2040
ED16B019,MA2031
ED16B022,MA2031
ED16B025,MA2040
ED16B026,MA2031
ED16B030,MA2031
ED16B031,MA2030
ED16B032,MA2031
ED16B033,MA2031
ED16B034,BT6310
ED16B039,MA2031
ED16B040,MA2031
ED16B043,CS6350
ED16B044,MA2040
ED16B048,MA2031
ED16B050,MA2031
ED16B052,MA2031
ED16B054,MA2040
ED16B056,MA2031
ED16B057,MA2031
ED16B058,MA2031
ED16B059,MA2031
EE15B001,EE3203
EE15B001,EE3007
EE15B001,EE5160
EE15B001,EE4371
EE15B002,EE3007
EE15B002,EE4131
EE15B002,EE5121
EE15B002,EE3203
EE15B003,EE4371
EE15B003,EE6418
EE15B003,EE3007
EE15B003,EE3402
EE15B004,EE4371
EE15B005,EE5141
EE15B005,EE3110
EE15B005,EE5121
EE15B005,EE3402
EE15B006,EE4131
EE15B006,EE5111
EE15B006,EE5121
EE15B006,EE3007
EE15B007,EE3007
EE15B007,EE4131
EE15B007,EE5111
EE15B007,EE3203
EE15B008,EE3110
EE15B008,EE5141
EE15B009,EE3203
EE15B009,EE3110
EE15B009,EE4131
EE15B009,EE6418
EE15B010,EE3110
EE15B010,EE3007
EE15B010,MA2020
EE15B010,EE4371
EE15B010,GN6001
EE15B011,EE3110
EE15B011,EE4131
EE15B011,EE5141
EE15B011,EE5121
EE15B011,EE5154
EE15B012,MA2040
EE15B012,EE4131
EE15B012,EE5320
EE15B012,EE6320
EE15B012,EE3402
EE15B014,CS2800
EE15B014,CS2810
EE15B014,EE5141
EE15B014,EE3203
EE15B015,EE4131
EE15B015,EE5121
EE15B015,EE3007
EE15B015,EE3110
EE15B016,EE5141
EE15B016,EE5121
EE15B016,EE3110
EE15B016,EE4371
EE15B017,EE4371
EE15B017,EE5121
EE15B017,EE5351
EE15B017,EE3402
EE15B017,EE3007
EE15B018,EE5154
EE15B018,EE3203
EE15B018,EE3007
EE15B018,EE4371
EE15B018,EE5160
EE15B019,EE3110
EE15B019,MA2020
EE15B019,CS7015
EE15B019,EE6418
EE15B019,HS3090
EE15B020,EE5320
EE15B020,EE3007
EE15B020,EE4371
EE15B020,EE3402
EE15B020,EE6418
EE15B021,EE4131
EE15B021,EE5121
EE15B021,EE3203
EE15B021,EE4371
EE15B022,EE3110
EE15B022,EE3203
EE15B024,CS6560
EE15B024,EE5141
EE15B024,EE6505
EE15B025,CS7015
EE15B025,CS6700
EE15B025,EE3110
EE15B026,CS2800
EE15B026,CS2810
EE15B026,EE4371
EE15B026,EE3110
EE15B026,CS6560
EE15B027,EE5141
EE15B027,EE4131
EE15B027,EE5121
EE15B027,EE5154
EE15B028,CS6560
EE15B028,EE6505
EE15B028,EE5141
EE15B029,EE3203
EE15B029,EE3110
EE15B029,HS4002
EE15B029,MA2020
EE15B030,EE5154
EE15B030,EE3007
EE15B030,EE3110
EE15B030,EE4371
EE15B030,EE5160
EE15B031,EE3203
EE15B031,EE5141
EE15B031,EE3110
EE15B031,EE5121
EE15B032,EE5141
EE15B032,EE5320
EE15B032,EE3203
EE15B032,EE6418
EE15B033,ID5030
EE15B033,EE4371
EE15B033,EE5121
EE15B033,EE3203
EE15B033,EE6418
EE15B034,EE4371
EE15B034,EE3110
EE15B034,MA2020
EE15B034,EE3203
EE15B035,ED5260
EE15B035,EE6419
EE15B035,EE3402
EE15B035,EE5320
EE15B035,ID4100
EE15B036,EE4371
EE15B036,EE5141
EE15B036,CS2810
EE15B036,EE3203
EE15B036,EE5121
EE15B037,EE5121
EE15B037,EE5351
EE15B037,EE3402
EE15B037,EE4371
EE15B037,EE3007
EE15B038,EE3203
EE15B038,EE5320
EE15B038,EE6419
EE15B038,EE6418
EE15B039,EE5141
EE15B039,EE5320
EE15B039,EE6320
EE15B039,EE4131
EE15B041,EE3203
EE15B041,EE3007
EE15B041,EE5160
EE15B041,EE4371
EE15B042,EE5141
EE15B042,EE5320
EE15B042,ID4100
EE15B042,EE5160
EE15B042,EE4371
EE15B043,EE3203
EE15B043,EE5141
EE15B043,EE5320
EE15B043,EE6418
EE15B044,EE4371
EE15B044,EE5320
EE15B044,ID4100
EE15B044,EE5141
EE15B045,EE4371
EE15B045,EE5141
EE15B045,EE5121
EE15B045,CS1200
EE15B045,CS2810
EE15B046,MA2040
EE15B046,EE4371
EE15B046,EE3007
EE15B046,EE3110
EE15B047,EE6321
EE15B047,EE5320
EE15B047,EE4131
EE15B047,EE3203
EE15B047,EE5141
EE15B048,EE5320
EE15B048,EE6320
EE15B048,EE3402
EE15B048,ID4100
EE15B049,EE3020
EE15B049,EE5121
EE15B049,EE5320
EE15B049,EE4371
EE15B049,EE3203
EE15B050,EE5121
EE15B050,EE3110
EE15B050,EE3203
EE15B050,EE5141
EE15B051,EE5121
EE15B051,EE3110
EE15B051,EE5141
EE15B051,EE5154
EE15B052,CS6700
EE15B052,EE3110
EE15B052,CS6170
EE15B052,EE5121
EE15B053,EE4131
EE15B053,EE3110
EE15B053,EE5121
EE15B053,EE5141
EE15B054,EE5121
EE15B054,EE5320
EE15B054,EE3402
EE15B054,EE5141
EE15B055,EE6418
EE15B055,EE3110
EE15B055,EE5121
EE15B055,EE5154
EE15B056,EE3007
EE15B056,EE6143
EE15B056,ED5260
EE15B056,EE5121
EE15B056,EE4371
EE15B057,EE5320
EE15B057,EE6320
EE15B057,EE5141
EE15B057,EE5340
EE15B058,CS7015
EE15B058,CS6790
EE15B058,EE5175
EE15B058,EE3110
EE15B059,EE3110
EE15B060,EE5320
EE15B060,EE3203
EE15B060,EE4371
EE15B060,EE5121
EE15B062,EE6320
EE15B062,ID4100
EE15B062,EE3402
EE15B062,EE5141
EE15B063,EE3110
EE15B064,EE5320
EE15B064,EE6418
EE15B064,EE5141
EE15B064,EE4371
EE15B065,CS1200
EE15B065,CS2200
EE15B065,CS3205
EE15B065,EE3110
EE15B065,EE6418
EE15B066,EE3007
EE15B066,EE5154
EE15B066,EE3402
EE15B066,EE5160
EE15B066,EE4371
EE15B067,EE6418
EE15B067,EE5141
EE15B067,EE5320
EE15B067,EE4371
EE15B068,ID4100
EE15B068,EE5141
EE15B068,EE5320
EE15B068,EE4371
EE15B068,EE6418
EE15B069,EE5351
EE15B069,MS3510+
EE15B069,EE3007
EE15B069,EE5121
EE15B070,EE5320
EE15B070,EE4131
EE15B070,CS6560
EE15B070,ID4100
EE15B071,EE3110
EE15B071,EE3203
EE15B072,EE5320
EE15B072,EE5141
EE15B072,EE6320
EE15B073,MA2040
EE15B073,EE4131
EE15B073,EE6320
EE15B073,EE5320
EE15B073,EE3203
EE15B074,EE5121
EE15B074,EE5141
EE15B074,EE3110
EE15B074,EE4131
EE15B075,EE3110
EE15B076,EE3110
EE15B076,EE5141
EE15B076,EE5121
EE15B077,EE5351
EE15B077,EE4371
EE15B077,EE3007
EE15B077,EE3402
EE15B078,EE5141
EE15B078,EE5351
EE15B078,EE5121
EE15B079,EE3110
EE15B079,EE4371
EE15B079,EE5121
EE15B080,EE6430
EE15B080,EE5320
EE15B080,EE4371
EE15B081,EE6418
EE15B081,EE4371
EE15B081,EE3203
EE15B081,EE5141
EE15B082,CS6700
EE15B082,EE5141
EE15B082,EE5121
EE15B082,EE3110
EE15B083,EE5121
EE15B083,EE5141
EE15B083,EE4131
EE15B083,EE6506
EE15B083,EE3110
EE15B084,MA2020
EE15B084,EE3007
EE15B084,EE3110
EE15B085,CS1200
EE15B085,EE5141
EE15B085,EE5121
EE15B085,EE4131
EE15B086,CS6700
EE15B086,EE6418
EE15B086,EE5121
EE15B086,EE5351
EE15B086,MS3530
EE15B087,EE5351
EE15B087,MS3510+
EE15B087,EE5141
EE15B087,EE6418
EE15B088,CS6700
EE15B088,CS7015
EE15B088,EE6418
EE15B088,EE5121
EE15B089,MA2031
EE15B089,EE5320
EE15B089,EE3203
EE15B089,EE5121
EE15B090,EE5320
EE15B090,EE5121
EE15B090,EE4371
EE15B092,CS6700
EE15B092,EE5121
EE15B092,EE5351
EE15B092,EE6418
EE15B093,EE3402
EE15B093,EE5141
EE15B093,EE5175
EE15B094,CS6330
EE15B094,CS6560
EE15B094,CS2810
EE15B095,EE3110
EE15B095,EE3203
EE15B095,CS1200
EE15B095,EE4371
EE15B096,EE5141
EE15B096,EE5320
EE15B096,EE5121
EE15B097,EE5121
EE15B097,CS6560
EE15B097,MS3510+
EE15B097,EE5141
EE15B098,EE3203
EE15B098,EE5121
EE15B098,EE5320
EE15B098,EE6321
EE15B099,EE5154
EE15B099,EE5121
EE15B099,EE3110
EE15B099,EE5141
EE15B100,EE3110
EE15B100,EE5121
EE15B100,EE4371
EE15B100,MA2030
EE15B101,EE3110
EE15B101,EE5121
EE15B101,EE3007
EE15B101,EE4371
EE15B102,MA2031
EE15B102,EE5141
EE15B102,EE3110
EE15B102,EE4371
EE15B102,EE6418
EE15B103,EE3110
EE15B103,MA2030
EE15B103,EE5141
EE15B103,EE5121
EE15B104,EE3402
EE15B104,EE3110
EE15B104,EE3203
EE15B105,CS6700
EE15B105,EE5121
EE15B105,EE3110
EE15B105,CS6170
EE15B106,MA2030
EE15B106,EE5121
EE15B106,HS4571
EE15B106,EE6505
EE15B107,ID5030
EE15B107,EE4371
EE15B107,EE5351
EE15B107,ID4100
EE15B107,EE5121
EE15B108,CS6700
EE15B108,ID4100
EE15B108,EE3110
EE15B108,CS6350
EE15B108,EE6418
EE15B109,CS6700
EE15B109,EE3110
EE15B109,EE3203
EE15B109,EE6418
EE15B110,EE3203
EE15B110,EE5254
EE15B110,EE4371
EE15B111,EE3110
EE15B111,EE3007
EE15B111,MA2020
EE15B112,EE3110
EE15B112,EE5121
EE15B112,EE3007
EE15B112,EE5160
EE15B113,EE5320
EE15B113,EE5141
EE15B113,EE6320
EE15B113,ID4100
EE15B113,EE3402
EE15B114,EE5160
EE15B114,EE6418
EE15B114,EE5141
EE15B114,EE5121
EE15B114,EE4371
EE15B115,MA2031
EE15B115,EE5121
EE15B115,EE3110
EE15B116,EE4371
EE15B116,MA2040
EE15B116,EE5141
EE15B116,EE5320
EE15B116,EE6418
EE15B117,CS7015
EE15B117,CS6700
EE15B117,EE3110
EE15B117,ID4100
EE15B118,MA2020
EE15B119,ID5030
EE15B119,EE3203
EE15B119,EE3110
EE15B119,EE5121
EE15B120,CS6700
EE15B120,EE5121
EE15B120,EE5141
EE15B122,EE4131
EE15B122,EE5121
EE15B122,EE3110
EE15B122,EE3007
EE15B123,EE5121
EE15B123,EE5141
EE15B123,EE4131
EE15B123,CS1200
EE15B124,EE3203
EE15B124,EE5121
EE15B124,EE5320
EE15B124,HS3090
EE15B125,CS7015
EE15B125,EE3110
EE15B125,EE3203
EE15B125,EE5112
EE15B126,HS3023
EE15B126,EE5320
EE15B126,EE6320
EE15B126,EE3402
EE15B127,ID4100
EE15B127,EE5121
EE15B127,EE5141
EE15B127,EE5111
EE15B128,EE6418
EE15B128,MS3510
EE15B128,HS3090
EE15B128,EE3203
EE15B129,EE5154
EE15B129,ID4100
EE15B129,EE4131
EE15B129,EE6418
EE15B129,EE5141
EE15B130,CS6700
EE15B130,EE5121
EE15B130,EE3110
EE15B130,HS2370
EE15B131,ID4100
EE15B131,EE5121
EE15B131,EE5141
EE15B131,MS3510+
EE15B132,EE4131
EE15B132,EE5320
EE15B132,EE5141
EE15B132,EE6418
EE15B133,EE4131
EE15B133,EE5320
EE15B133,ID4100
EE15B133,EE5141
EE15B134,EE5141
EE15B134,EE5320
EE15B134,EE6320
EE15B134,ID4100
EE15B134,EE4131
EP15B001,PH5720
EP15B001,EP3100
EP15B002,MA2040
EP15B002,EE5175
EP15B002,HS3280
EP15B003,EP3100
EP15B003,PH5720
EP15B004,EP3100
EP15B005,PH5870
EP15B005,PH5810
EP15B005,EE5175
EP15B006,CS6464
EP15B007,PH5620
EP15B007,EP3100
EP15B008,EP3100
EP15B008,EE2703
EP15B009,PH5620
EP15B009,EP3100
EP15B010,EP3100
EP15B010,PH5620
EP15B011,MA2030
EP15B012,CS6530
EP15B012,EE5154
EP15B013,BT2082
EP15B013,EP3100
EP15B013,HS2370
EP15B014,EE3203
EP15B014,EE6403
EP15B015,ID5030
EP15B015,EE6418
EP15B016,EE2703
EP15B017,EE5141
EP15B017,MA2030
EP15B018,EP3100
EP15B018,PH5870
EP15B019,MA2020
EP15B019,HS3090
EP15B019,PH5870
EP15B020,PH5620
EP15B020,PH5720
EP15B021,EE5340
EP15B023,MA2040
EP15B023,PH5620
EP15B024,EP3100
EP15B024,PH5870
EP15B026,EE6320
EP15B027,CS6868
EP15B027,CS6370
EP15B028,HS4450
EP15B028,EP3100
EP15B030,EP3100
EP15B031,ID5030
EP15B031,MA2020
EP15B031,PH5720
EP16B002,MA2040
EP16B012,ID4100
ME15B001,ME5134
ME15B001,ME4323
ME15B001,AS5850
ME15B002,ID5030
ME15B002,ED5260
ME15B002,ME6125
ME15B003,AS3050
ME15B003,ME6125
ME15B003,ME5127
ME15B004,ME6006
ME15B004,AS5850
ME15B004,ME4323
ME15B005,ME6006
ME15B005,CH5013
ME15B006,ME4323
ME15B007,MS3590
ME15B009,ME5127
ME15B009,ME6125
ME15B009,ME6006
ME15B010,ME4323
ME15B010,MS3530
ME15B010,ME6125
ME15B011,ME6006
ME15B011,CH5013
ME15B014,CE5610
ME15B014,OE5450
ME15B014,BT5330
ME15B015,ME5134
ME15B015,ME5127
ME15B015,ME4323
ME15B016,BT5330
ME15B016,ME4323
ME15B017,ME4323
ME15B017,ME5127
ME15B018,MS3510
ME15B018,ME5127
ME15B018,ME5134
ME15B019,ME4323
ME15B019,ME5127
ME15B019,AS5540
ME15B020,ID5030
ME15B020,MS3510+
ME15B021,ID5030
ME15B021,ME5134
ME15B021,ME6125
ME15B022,ID5030
ME15B022,MS3510+
ME15B022,ME6006
ME15B024,ME4323
ME15B024,ME5127
ME15B025,ME6006
ME15B025,ME5127
ME15B025,ME5134
ME15B026,MS3510+
ME15B026,ME6125
ME15B026,HS3090
ME15B027,ID5030
ME15B027,ME6006
ME15B029,ME4323
ME15B029,CS6700
ME15B030,ME4323
ME15B030,ME5134
ME15B031,ME6006
ME15B031,ME5127
ME15B031,MS3510+
ME15B031,ME3500
ME15B033,ID5030
ME15B034,ME5127
ME15B034,ME6006
ME15B034,ME4323
ME15B034,ME5134
ME15B035,ME6125
ME15B035,MS3510+
ME15B036,ME6006
ME15B036,MM5180
ME15B037,ID5030
ME15B037,ME4323
ME15B037,ME5134
ME15B037,AS5540
ME15B038,ME6006
ME15B038,ME5127
ME15B038,MS3510+
ME15B039,MS3540
ME15B039,CE5390
ME15B041,ME6006
ME15B041,ME6125
ME15B041,MS3530
ME15B041,AS6060
ME15B043,ME6125
ME15B043,ED4040
ME15B044,ID4100
ME15B044,ME4203
ME15B045,ME6006
ME15B045,ME6125
ME15B046,ME5127
ME15B046,AS3050
ME15B046,ME6006
ME15B047,MS3530
ME15B047,ME6125
ME15B047,MS3590
ME15B047,ME6006
ME15B049,ME5127
ME15B049,CS2800
ME15B049,ME6324
ME15B050,HS3028
ME15B050,ME6006
ME15B050,AS2030
ME15B051,MS3540
ME15B051,ME5134
ME15B051,ME6006
ME15B051,HS3090
ME15B052,MS3510
ME15B052,ME5134
ME15B053,ME6006
ME15B053,ME5134
ME15B053,ME5127
ME15B054,ME6006
ME15B054,ME5127
ME15B055,ID5030
ME15B055,CE5730
ME15B055,AS5540
ME15B055,ME3302
ME15B055,BT1010
ME15B055,ME3482
ME15B056,MS3510
ME15B057,ME5134
ME15B057,ME5127
ME15B057,ME4203
ME15B057,AS5540
ME15B058,ID5030
ME15B058,AS5850
ME15B058,ME6006
ME15B058,ME5134
ME15B059,HS3028
ME15B059,ME5134
ME15B059,ME6006
ME15B060,CS2800
ME15B061,ME6006
ME15B061,ME5134
ME15B062,ME4323
ME15B063,ME4323
ME15B064,MS3590
ME15B064,ME5134
ME15B064,MS3540
ME15B065,BT3041
ME15B065,ME4323
ME15B066,ME4323
ME15B066,ME5127
ME15B067,ME5134
ME15B067,MS3510+
ME15B069,ME5134
ME15B069,AS5850
ME15B069,AS5540
ME15B070,ID5030
ME15B070,CS2800
ME15B070,ME6006
ME15B071,ME4323
ME15B071,AS5710
ME15B071,ME6168
ME15B072,ME6125
ME15B072,CE5290
ME15B074,ID5030
ME15B074,ME5134
ME15B074,ME4203
ME15B076,ID5030
ME15B077,ME5134
ME15B077,MS3510+
ME15B079,ID4100
ME15B079,ME4203
ME15B080,MS3510
ME15B080,ME5134
ME15B080,ID4100
ME15B081,ID5030
ME15B081,ME5134
ME15B081,ID4100
ME15B082,ID5030
ME15B082,ME5134
ME15B083,ME5134
ME15B083,ID4100
ME15B084,ME6006
ME15B084,ME6125
ME15B084,ME5127
ME15B084,ID4100
ME15B086,ID5030
ME15B086,ME5134
ME15B086,ME6168
ME15B087,CS7015
ME15B087,CS6700
ME15B087,ME5127
ME15B088,ID5030
ME15B088,ME4323
ME15B089,ME4323
ME15B089,BT3041
ME15B089,EE5175
ME15B090,ME4323
ME15B090,HS2370
ME15B091,ID5030
ME15B091,ME4323
ME15B092,EP2102
ME15B092,ME6125
ME15B093,ME4323
ME15B093,ME6125
ME15B094,BT3041
ME15B095,ME4323
ME15B095,ME6006
ME15B095,ME6324
ME15B096,HS2370
ME15B096,ME6324
ME15B096,ME6125
ME15B098,EP2102
ME15B098,ME6125
ME15B099,ME4203
ME15B099,ME6006
ME15B099,ME6125
ME15B100,ME4323
ME15B101,ME5127
ME15B101,ME6125
ME15B101,ME5134
ME15B101,ME4323
ME15B102,AS2030
ME15B102,EE5175
ME15B104,ID5030
ME15B104,ME5134
ME15B104,ME4323
ME15B105,MS3510
ME15B105,BT5330
ME15B106,ME4323
ME15B106,ME5127
ME15B106,ME5134
ME15B107,ID5030
ME15B107,ME4323
ME15B108,ME5134
ME15B108,ME4323
ME15B109,HS3280
ME15B109,ME4323
ME15B110,ME6006
ME15B111,ME4323
ME15B112,ME5134
ME15B112,MS3530
ME15B112,ME4323
ME15B112,ME6168
ME15B113,ID5030
ME15B113,ID3100
ME15B114,ID3100
ME15B115,ME5134
ME15B115,ME6006
ME15B116,AS2080
ME15B116,AS3050
ME15B118,ME6125
ME15B118,PH3520
ME15B118,MS3540
ME15B118,AS5540
ME15B119,ME6125
ME15B120,MS3510
ME15B120,ME6125
ME15B120,AS3271
ME15B122,MS3510+
ME15B122,CH5440
ME15B122,MM2060
ME15B123,ME6006
ME15B123,CH5440
ME15B123,MS3510+
ME15B124,MS3510
ME15B124,AS5540
ME15B124,ME5134
ME15B125,ME4203
ME15B125,ME6125
ME15B125,EE5343
ME15B125,EE5341
ME15B126,ID5030
ME15B126,ME6006
ME15B126,ME5134
ME15B127,CH5200
ME15B127,ME3250
ME15B127,ME5134
ME15B128,HS2370
ME15B128,ME4323
ME15B129,CS7015
ME15B130,ME5134
ME15B130,CS2800
ME15B132,CS6700
ME15B132,ID4100
ME15B133,ID4100
ME15B133,EE6415
ME15B133,ME6324
ME15B134,MS3530
ME15B134,ME6006
ME15B136,ME4323
ME15B136,ME5134
ME15B136,AS5540
ME15B136,EE5343
ME15B137,ID5030
ME15B137,MS3590
ME15B137,ME6324
ME15B139,ID5030
ME15B140,ME6125
ME15B141,ID5030
ME15B141,ME5134
ME15B143,ID5030
ME15B143,ID3100
ME15B144,ME6125
ME15B144,MS3530
ME15B145,ME6006
ME15B145,MS3530
ME15B146,ME6125
ME15B147,ME6125
ME15B147,MS3510+
ME15B148,ME6324
ME15B148,MS3540
ME15B148,ME5127
ME15B149,CS6700
ME15B149,CH5440
ME15B149,MS3530
ME15B150,CS6700
ME15B150,ME6006
ME15B151,AS5400
ME15B151,ME6006
ME15B151,ID4100
ME15B152,ME5127
ME15B152,ME4203
ME15B152,CH5440
ME15B152,ME6125
ME15B153,ME4323
ME15B153,CS6700
ME15B155,ME5134
ME15B156,EE5351
ME15B156,MS3530
ME15B156,MS3590
ME15B157,ID5030
ME15B157,ME4323
ME15B157,ME6006
ME15B157,CH5440
ME15B159,ME6125
ME15B159,EE3203
ME15B159,AS5710
ME15B160,MS3510
ME15B160,ME6006
ME15B160,ME6125
ME15B160,HS3090
ME15B161,ID5030
ME15B161,MS3540
ME15B161,CE5390
ME15B161,CE5290
ME15B162,ID4100
ME15B163,ME6125
ME15B163,MS3510+
ME15B163,ME6006
ME15B164,ID5030
ME15B164,MS3540
ME15B164,CE5390
ME15B164,CE5290
ME15B165,ME4323
ME15B165,MS3530
ME15B165,ME6006
ME15B165,ME6125
ME15B166,MS3530
ME15B166,MS3540
ME15B166,CE5390
ME15B166,CE5290
ME15B167,ID5030
ME15B167,MS3540
ME15B167,CS6700
ME15B167,CE5290
ME16B001,MA2030
ME16B002,MA2040
ME16B004,MA2031
ME16B005,MA2030
ME16B006,MA2031
ME16B007,MA2031
ME16B008,MA2031
ME16B009,MA2031
ME16B010,MA2031
ME16B011,MA2030
ME16B012,MA2040
ME16B013,MA2030
ME16B014,MA2030
ME16B015,MA2031
ME16B016,MA2031
ME16B017,MA2030
ME16B018,MA2030
ME16B019,MA2040
ME16B020,MA2030
ME16B022,MA2040
ME16B022,HS3023
ME16B023,MA2040
ME16B024,MA2040
ME16B024,CS6350
ME16B026,MA2031
ME16B028,MA2040
ME16B030,MA2040
ME16B031,MA2031
ME16B032,MA2031
ME16B033,HS3023
ME16B033,HS3021
ME16B034,MA2040
ME16B035,MA2031
ME16B036,MA2031
ME16B038,MA2030
ME16B039,MA2030
ME16B040,HS3021
ME16B040,HS3023
ME16B041,MA2040
ME16B042,MA2040
ME16B043,MA2040
ME16B044,MA2040
ME16B045,MA2040
ME16B046,MA2030
ME16B047,MA2030
ME16B048,HS3023
ME16B048,MA2040
ME16B049,MA2031
ME16B050,MA2040
ME16B051,MA2030
ME16B051,HS3023
ME16B052,MA2040
ME16B053,MA2030
ME16B054,MA2040
ME16B055,MA2031
ME16B056,MA2040
ME16B057,MA2031
ME16B058,MA2031
ME16B059,MA2040
ME16B060,MA2040
ME16B061,MA2040
ME16B062,MA2040
ME16B063,MA2040
ME16B066,MA2031
ME16B067,MA2030
ME16B068,MA2040
ME16B071,MA2040
ME16B072,MA2031
ME16B073,HS3021
ME16B073,MA2031
ME16B074,MA2031
ME16B075,MA2040
ME16B076,MA2030
ME16B077,MA2031
ME16B078,MA2031
ME16B104,MA2040
ME16B110,MA2040
ME16B114,MA2030
ME16B115,MA2040
ME16B116,MA2030
ME16B116,HS3023
ME16B117,HS3023
ME16B117,MA2040
ME16B118,MA2031
ME16B123,MA2040
ME16B128,HS3023
ME16B128,HS3021
ME16B131,MA2040
ME16B132,MA2040
ME16B132,HS3023
ME16B135,MA2040
ME16B137,MA2040
ME16B137,HS3023
ME16B139,MA2040
ME16B140,MA2040
ME16B141,MA2040
ME16B142,MA2040
ME16B144,HS3021
ME16B144,HS3023
ME16B145,HS3021
ME16B145,MA2040
ME16B146,MA2040
ME16B147,HS3023
ME16B147,MA2040
ME16B148,MA2040
ME16B151,MA2040
ME16B153,MA2040
ME16B153,HS3021
ME16B156,MA2040
ME16B157,MA2040
ME16B161,MA2040
ME16B166,HS3021
ME16B166,HS3023
ME16B167,HS3023
ME16B167,MA2040
ME16B173,MA2040
ME16B174,MA2040
ME16B176,MA2031
ME16B178,MA2040
ME16B180,MA2040
MM15B001,MS3510
MM15B002,MM6030
MM15B004,MM5017
MM15B004,MM5030
MM15B004,CH5013
MM15B004,ED3040
MM15B005,GN6001
MM15B006,MM5017
MM15B006,MM5016
MM15B006,MM3180
MM15B008,MS3510+
MM15B009,MS3590
MM15B010,MM5016
MM15B010,ED5260
MM15B010,PH5620
MM15B011,ID5030
MM15B011,MS3540
MM15B011,MS3510+
MM15B012,MS3540
MM15B012,MS3590
MM15B012,HS2370
MM15B013,MS3510
MM15B014,MS3510
MM15B015,MS3540
MM15B015,MS3590
MM15B017,MS3510+
MM15B018,ID5030
MM15B018,PH3520
MM15B019,MA2040
MM15B019,GN6001
MM15B019,MS3510+
MM15B020,MM6010
MM15B020,MS3540
MM15B020,MS3590
MM15B021,MS3510
MM15B021,CH6020
MM15B022,MM6010
MM15B022,PH3520
MM15B023,MS3540
MM15B023,MS3510+
MM15B023,MM5017
MM15B024,MS3510
MM15B024,GN6001
MM15B025,MM3200
MM15B025,EE1100
MM15B025,HS4450
MM15B026,MS3510
MM15B026,MS3540
MM15B029,CH5440
MM15B029,EE5351
MM15B029,MS3590
MM15B030,EE5343
MM15B030,EE5341
MM15B031,MS3540
MM15B031,MS3590
MM15B032,BT5240
MM15B032,EE5351
MM15B032,MS3530
MM15B034,MM5016
MM15B034,MM5017
MM15B034,MM3180
MM15B035,MS3540
MM15B035,MS3590
MM15B035,MS3530
MM15B036,MS3510+
MM15B036,MM5016
MM15B039,MS3510
MM15B040,PH3520
MM15B040,MM5017
MM15B041,MS3590
MM15B043,MM5430
MM15B043,MM5030
MM15B046,HS4450
MM15B047,ID5030
MM15B047,MS3510+
MM15B048,HS3090
MM16B001,MA2040
MM16B002,MA2040
MM16B002,MM3180
MM16B003,MA2040
MM16B003,HS3002A
MM16B005,HS5930
MM16B005,MA2040
MM16B006,MA2040
MM16B007,HS3090
MM16B007,MA2031
MM16B007,MS3540
MM16B008,MA2040
MM16B008,MM3180
MM16B008,HS3002D
MM16B009,MA2040
MM16B012,HS3002
MM16B012,MA2040
MM16B012,MS3510+
MM16B013,MA2030
MM16B013,PH5870
MM16B014,MA2030
MM16B014,PH3520
MM16B014,HS4450
MM16B016,MM3180
MM16B016,MA2040
MM16B017,MA2040
MM16B017,MM3180
MM16B018,MA2040
MM16B018,HS3002A
MM16B018,MM3180
MM16B019,MM3180
MM16B019,HS3002A
MM16B019,MA2040
MM16B020,MA2040
MM16B020,HS3002D
MM16B020,MS3510+
MM16B021,HS1090
MM16B021,MA2040
MM16B022,MA2031
MM16B022,MM3180
MM16B022,HS5920
MM16B023,PH3520
MM16B023,MA2030
MM16B024,MA2031
MM16B024,HS5920
MM16B024,MM3180
MM16B025,MA2040
MM16B025,MS3590
MM16B026,MA2040
MM16B027,MA2040
MM16B027,HS4002
MM16B027,MS3540
MM16B028,MA2030
MM16B028,PH3520
MM16B029,MA2030
MM16B029,MM3180
MM16B030,MA2031
MM16B030,HS5920
MM16B030,MM3180
MM16B031,HS1110
MM16B031,MA2030
MM16B031,PH5680
MM16B033,HS4002
MM16B033,MS3590
MM16B034,MA2031
MM16B034,MM3180
MM16B034,HS5920
MM16B035,MA2040
MM16B035,HS4030
MM16B035,MM3180
MM16B102,HS1090
MM16B103,MA2031
MM16B103,HS2370
MM16B104,MA2031
MM16B104,HS2370
MM16B105,MM3180
MM16B107,MA2040
MM16B107,HS3002D
MM16B108,HS1090
MM16B108,MA2031
MM16B109,HS3002B
MM16B109,MA2030
MM16B111,MA2040
MM16B111,HS3002A
MM16B111,MS3510+
MM16B112,MA2040
MM16B113,MA2031
NA15B001,OE5450
NA15B001,MA2031
NA15B001,OE5170
NA15B001,CE5390
NA15B002,OE4600
NA15B002,OE5170
NA15B002,MA2040
NA15B002,OE5450
NA15B003,OE5450
NA15B003,OE5170
NA15B003,MA2040
NA15B003,OE4600
NA15B003,CE5690
NA15B004,GN6001
NA15B004,OE5170
NA15B004,MA2040
NA15B004,OE4600
NA15B004,CE5690
NA15B005,OE5170
NA15B005,CS3205
NA15B005,MA2040
NA15B006,OE5170
NA15B006,CE5690
NA15B006,OE5450
NA15B007,OE5170
NA15B007,MS3590
NA15B008,OE5170
NA15B008,MS3590
NA15B008,OE5320
NA15B010,OE5170
NA15B010,MS3590
NA15B010,OE5320
NA15B011,ID4100
NA15B011,GN6001
NA15B011,ED5318
NA15B012,MA2040
NA15B012,OE5800
NA15B012,OE4600
NA15B012,OE5450
NA15B012,CE5690
NA15B013,MS3590
NA15B013,OE5170
NA15B013,HS3023
NA15B013,OE5320
NA15B014,GN6001
NA15B014,OE5170
NA15B016,OE5170
NA15B016,MA2030
NA15B017,MA2040
NA15B017,OE5170
NA15B018,OE4600
NA15B018,OE5450
NA15B018,OE5170
NA15B019,MA2031
NA15B019,OE5170
NA15B019,OE5450
NA15B019,OE4600
NA15B020,MA2040
NA15B020,OE5170
NA15B020,MS3590
NA15B020,GN6001
NA15B021,MA2040
NA15B021,OE5170
NA15B021,CS3205
NA15B021,OE5450
NA15B022,OE5450
NA15B022,OE4600
NA15B022,OE5500
NA15B022,OE5320
NA15B023,OE5450
NA15B023,MA2040
NA15B023,OE4600
NA15B023,OE5170
NA15B024,OE4600
NA15B024,OE5450
NA15B024,OE5170
NA15B024,MA2040
NA15B025,OE5170
NA15B025,CE5690
NA15B028,OE5170
NA15B028,OE5450
NA15B029,MA2031
NA15B029,OE5170
NA15B029,OE4600
NA15B029,MS3590
NA15B030,OE5170
NA15B031,HS3023
NA15B031,OE5170
NA15B032,OE5170
NA15B032,OE5320
NA15B032,OE5450
NA15B032,OE4600
NA15B033,MA2040
NA15B033,OE4600
NA15B033,ED2090
NA15B033,OE5450
NA15B034,MA2040
NA15B034,OE5170
NA15B034,MM5190
NA15B034,OE5450
NA15B036,OE5170
NA15B036,OE5450
NA15B036,MA2040
NA15B036,CE5690
NA15B039,OE5170
NA15B039,MS3590
NA15B039,MA2040
NA15B039,MS3530
NA15B041,OE5170
NA15B041,MS3590
NA15B042,HS4571
NA15B042,OE5800
NA15B042,ED5260
NA15B044,OE5170
NA15B044,OE5450
NA15B044,OE6001
NA15B044,CE5220
NA15B045,OE6005
NA15B045,OE5800
NA15B046,OE5450
NA15B046,OE5800
NA15B046,OE6001
NA15B047,OE5170
NA15B047,EE5351
NA15B047,MS3590
NA15B048,OE5170
NA15B048,CE4010
NA15B048,OE6001
NA15B048,CE5220
NA15B049,ID5030
NA15B049,OE6005
NA15B049,CS3205
NA16B003,MA2040
NA16B004,MA2040
NA16B005,MA2040
NA16B008,MA2040
NA16B009,MA2040
NA16B010,MA2040
NA16B011,MA2040
NA16B013,MA2040
NA16B014,MA2040
NA16B015,MA2040
NA16B016,MA2040
NA16B017,MA2040
NA16B018,MA2040
NA16B019,MA2040
NA16B020,MA2040
NA16B021,MA2040
NA16B022,MA2040
NA16B023,MA2040
NA16B024,MA2040
NA16B025,MA2040
NA16B026,MA2040
NA16B027,MA2040
NA16B028,MA2040
NA16B029,MA2040
NA16B030,MA2040
NA16B031,MA2040
NA16B032,MA2040
NA16B032,HS4002
NA16B033,MA2040
NA16B034,MA2040
NA16B036,MA2040
NA16B037,MA2040
NA16B038,MA2040
NA16B039,MA2040
NA16B101,MA2031
NA16B102,MA2040
NA16B103,MA2040
NA16B104,MA2040
NA16B106,MA2040
NA16B107,MA2040
NA16B108,MA2040
NA16B109,MA2040
NA16B110,MA2040
NA16B112,MA2040
NA16B114,MA2040
NA16B115,MA2040
NA16B116,MA2040
NA16B117,MA2040
NA16B118,MA2040
NA16B119,MA2040
PH15B001,CS1200
PH15B005,MA2030
PH15B006,EE3203
PH15B007,MA2030
PH15B008,MA2030
PH16B001,MA2040
PH16B001,HS4571
PH16B002,HS1090
PH16B002,MS3590
PH16B002,MA2020
PH16B003,MA2020
PH16B003,HS3090
PH16B004,MA2040
PH16B004,PH5890
PH16B005,MA2020
PH16B005,HS4450
PH16B005,MS3590
PH16B006,MA2040
PH16B006,PH3520
PH16B007,MA2040
PH16B007,HS2370
PH16B007,MS3590
PH16B008,MA2030
PH16B008,HS5920
PH16B008,MS3590
PH16B009,PH3520
PH16B009,MA2020
PH16B011,HS3021
PH16B011,MS3540
PH16B011,HS3002B
PH16B011,MA2040
AE17B001,EE1101
AE17B003,EE1100
AE17B004,EE1100
AE17B005,EE1101
AE17B006,EE1101
AE17B008,EE1101
AE17B010,EE1101
AE17B011,EE1101
AE17B013,EE1101
AE17B014,EE1100
AE17B015,EE1100
AE17B017,EE1100
AE17B018,EE1101
AE17B019,EE1100
AE17B020,EE1101
AE17B021,EE1101
AE17B022,EE1100
AE17B023,EE1101
AE17B024,EE1100
AE17B027,EE1101
AE17B030,EE1101
AE17B031,EE1101
AE17B032,EE1101
AE17B033,EE1101
AE17B034,EE1101
AE17B035,EE1101
AE17B036,EE1101
AE17B037,EE1101
AE17B038,EE1101
AE17B039,EE1101
AE17B040,EE1101
AE17B042,EE1100
AE17B044,EE1100
AE17B045,EE1101
AE17B046,EE1101
AE17B101,EE1101
AE17B104,EE1101
AE17B105,EE1101
AE17B108,EE1101
AE17B111,EE1101
AE17B112,EE1101
BS17B001,MA1102
BS17B002,MA2020
BS17B003,MA1102
BS17B004,MA2040
BS17B006,MA2030
BS17B007,MA2020
BS17B009,MA2030
BS17B010,MA1102
BS17B011,MA2030
BS17B012,MA2040
BS17B013,MA1102
BS17B015,MA2020
BS17B016,MA2040
BS17B017,MA1102
BS17B018,MA2030
BS17B019,MA2030
BS17B020,MA1102
BS17B021,MA2030
BS17B022,MA2020
BS17B024,MA2020
BS17B025,MA2040
BS17B026,MA2030
BS17B027,MA2030
BS17B029,MA2030
BS17B030,MA1102
BS17B031,MA1102
BS17B032,MA2040
BS17B033,MA1102
BS17B034,MA1102
BS17B035,MA1102
BS17B036,MA1102
BS17B037,MA2030
CE17B018,CS2810
CE17B019,CS2810
CE17B121,CH5440
CE17B121,CS2800
CH17B109,HS4571
CS17B018,HS4030
CS17B036,HS4030
EE17B001,HS3002
EE17B002,HS3002C
EE17B003,HS3002D
EE17B004,HS3002C
EE17B005,HS3002
EE17B006,HS3002D
EE17B007,HS3090
EE17B008,HS3002D
EE17B010,HS1110
EE17B011,HS3002B
EE17B012,HS3002C
EE17B013,HS3002B
EE17B014,HS2370
EE17B015,HS2370
EE17B016,HS3002B
EE17B017,HS3002C
EE17B019,HS4210
EE17B020,HS5930
EE17B021,HS3002B
EE17B023,HS3002A
EE17B024,HS3002B
EE17B025,HS3002A
EE17B026,HS1110
EE17B027,HS3002C
EE17B028,HS1110
EE17B029,HS3002A
EE17B030,HS3002A
EE17B031,HS3002A
EE17B032,HS3002A
EE17B033,HS3002A
EE17B034,HS3002
EE17B035,HS3002B
EE17B036,HS2370
EE17B038,HS3002A
EE17B039,HS4571
EE17B040,HS3090
EE17B041,HS3002D
EE17B042,HS3090
EE17B043,HS3002B
EE17B044,HS3002C
EE17B046,HS3280
EE17B047,HS3002
EE17B048,HS3002D
EE17B049,HS3002A
EE17B050,HS3002C
EE17B051,HS4002
EE17B052,HS3002D
EE17B053,HS3002C
EE17B054,HS1110
EE17B055,HS3002B
EE17B056,HS3002D
EE17B057,HS2370
EE17B058,HS2370
EE17B059,HS1110
EE17B060,HS3002
EE17B061,HS3002B
EE17B062,HS3002
EE17B064,HS1110
EE17B065,HS3002C
EE17B066,HS3002A
EE17B101,HS1110
EE17B102,HS3002C
EE17B104,HS3002D
EE17B105,HS3002
EE17B106,HS3002C
EE17B107,HS5920
EE17B108,HS3002A
EE17B110,HS3002B
EE17B111,HS3002C
EE17B113,HS3002
EE17B114,HS3090
EE17B115,HS3002A
EE17B116,HS3002B
EE17B117,HS3090
EE17B119,HS3002C
EE17B120,HS3002
EE17B122,HS1110
EE17B123,HS4571
EE17B124,HS3090
EE17B125,HS3002C
EE17B126,HS3002C
EE17B127,HS5920
EE17B128,HS3002B
EE17B129,HS3002B
EE17B130,HS1110
EE17B131,HS4450
EE17B132,HS3002C
EE17B133,HS3002B
EE17B134,HS3002D
EE17B135,HS3002
EE17B136,HS3002A
EE17B137,HS3002B
EE17B139,HS3002
EE17B140,HS3002A
EE17B141,HS4571
EE17B143,HS3002
EE17B144,HS3002C
EE17B145,HS3002A
EE17B146,HS3002
EE17B147,HS3002A
EE17B148,HS1090
EE17B149,HS3002
EE17B150,HS3002
EE17B152,HS3002B
EE17B153,HS3002
ME17B001,HS1110
ME17B003,HS5930
ME17B004,HS2370
ME17B005,HS3280
ME17B006,HS4210
ME17B007,HS4571
ME17B008,HS3002B
ME17B009,HS3028
ME17B009,HS5920
ME17B011,HS3002D
ME17B013,HS1110
ME17B014,HS3002
ME17B015,HS5930
ME17B016,HS3002D
ME17B017,HS3002B
ME17B019,HS3002D
ME17B022,HS3090
ME17B023,HS3002B
ME17B024,HS2370
ME17B025,HS3002A
ME17B026,HS3002B
ME17B027,HS3002C
ME17B028,HS3002C
ME17B029,HS3002A
ME17B030,HS2370
ME17B031,HS3002
ME17B032,HS2370
ME17B033,HS2370
ME17B034,HS2370
ME17B035,HS3002B
ME17B036,HS3002D
ME17B038,HS1090
ME17B039,HS3002A
ME17B040,HS3002A
ME17B042,HS3002C
ME17B043,HS3002C
ME17B044,HS5920
ME17B045,HS1110
ME17B046,HS3002
ME17B047,HS5930
ME17B048,HS3002
ME17B049,HS3002
ME17B050,HS3002D
ME17B051,HS3002D
ME17B052,HS3002C
ME17B053,HS3090
ME17B054,HS3002A
ME17B055,HS3002D
ME17B056,HS3002D
ME17B057,HS4571
ME17B058,HS3002B
ME17B059,HS3002B
ME17B061,HS3002C
ME17B062,HS3002A
ME17B063,HS3002B
ME17B064,HS3002A
ME17B067,HS5920
ME17B068,HS3090
ME17B069,HS2370
ME17B071,HS4002
ME17B072,HS4002
ME17B073,HS3002
ME17B074,HS5930
ME17B075,HS5930
ME17B101,HS3002D
ME17B102,HS5930
ME17B103,HS5930
ME17B104,HS5930
ME17B105,HS3002C
ME17B106,HS1090
ME17B107,HS1090
ME17B109,HS1090
ME17B110,HS3002
ME17B111,HS5930
ME17B112,HS4002
ME17B113,HS3002B
ME17B114,HS3002
ME17B115,HS3002
ME17B116,HS3002A
ME17B117,HS1090
ME17B118,HS3002
ME17B120,HS1090
ME17B121,HS2370
ME17B123,HS1090
ME17B124,HS2370
ME17B125,HS3002B
ME17B126,HS3002A
ME17B127,HS3002A
ME17B128,HS1110
ME17B128,HS3028
ME17B129,HS2370
ME17B130,HS3002B
ME17B131,HS3002C
ME17B132,HS4002
ME17B133,HS3002A
ME17B134,HS3002
ME17B135,HS3090
ME17B136,HS4571
ME17B137,HS2370
ME17B138,HS1110
ME17B140,HS3002B
ME17B141,HS1110
ME17B142,HS5920
ME17B143,HS4571
ME17B144,HS3002
ME17B145,HS5920
ME17B146,HS3090
ME17B147,HS3090
ME17B148,HS3002
ME17B149,HS3090
ME17B150,HS5930
ME17B152,HS2370
ME17B155,HS2370
ME17B157,HS3002A
ME17B158,HS3002B
ME17B159,HS4571
ME17B160,HS5930
ME17B161,HS4571
ME17B162,HS3002A
ME17B163,HS3002A
ME17B164,HS3002B
ME17B166,HS3002C
ME17B167,HS3090
ME17B168,HS4571
ME17B169,HS3002
ME17B170,HS3002B
ME17B171,HS2370
ME17B172,HS3090
NA17B001,HS3002A
NA17B003,HS1110
NA17B004,HS3002D
NA17B005,HS3002A
NA17B007,HS3090
NA17B008,HS3002A
NA17B009,HS3090
NA17B010,HS2370
NA17B012,HS3002B
NA17B013,HS3002
NA17B014,HS3002
NA17B016,HS3002B
NA17B017,HS3002
NA17B018,HS3090
NA17B019,HS3002
NA17B020,HS4571
NA17B023,HS3002
NA17B024,HS1110
NA17B025,HS3002
NA17B026,HS1090
NA17B027,HS4002
NA17B028,HS3002A
NA17B030,HS3002
NA17B031,HS3002
NA17B032,HS3002
NA17B033,HS1110
NA17B034,HS4571
NA17B035,HS3002
NA17B036,HS3002B
NA17B102,HS1090
NA17B103,HS3002B
NA17B104,HS1110
NA17B105,HS3002
NA17B107,HS3090
NA17B109,HS3002
NA17B111,HS3002
NA17B113,HS3090
NA17B114,HS3002
NA17B115,HS1110
NA17B116,HS3090
NA17B117,HS3002B
PH17B001,HS1090
PH17B002,HS3090
PH17B004,HS3090
PH17B006,HS1090
PH17B007,HS3002A
PH17B008,HS3090
PH17B009,HS3090
PH17B010,HS3002D
