Student Roll Number, Course ID 
AE15B005,AS5211
AE15B007,AS5213
AE15B012,AS5212
AE15B013,AS5213
AE15B039,CS1200
AE15B039,AS5212
BE15B004,EE5154
BE15B004,CH5440
BE15B004,CH5019
BE15B008,BT2022
BE15B009,BT3040
BE15B012,BT2022
BE15B012,GN6001
BE15B013,MA2040
BE15B014,BT2022
BE15B015,BT2022
BE15B015,BT5330
BE15B018,BT2022
BE15B021,BT2022
BE15B023,BT2022
BE15B023,CH5019
BE15B026,BT2022
BE15B029,BT3040
BE15B032,BT5440
BE16B003,HS3280A
BE16B005,MA2030
BE16B005,HS4030
BE16B005,BT2082
BE16B009,HS4002
BE16B010,HS4210
BE16B026,HS2370
BE16B033,HS2370
BS15B001,BT5330
BS15B001,CE4010
BS15B004,MS3590
BS15B006,CH5019
BS15B007,MA2030
BS15B008,BT5330
BS15B013,BT4230
BS15B018,HS2370
BS15B023,BT5330
BS15B025,BT5330
BS15B032,BT4230
CE15B001,CE4011
CE15B002,CE4011
CE15B003,MM3100
CE15B006,CE5670
CE15B006,HS3029
CE15B007,HS4030
CE15B008,HS3280A
CE15B008,CE5380
CE15B008,CE4011
CE15B009,MS3590
CE15B010,HS2370
CE15B012,CE3330
CE15B012,CE3241
CE15B013,CE5670
CE15B015,HS3280
CE15B015,CE6870
CE15B015,CE5100
CE15B019,CE4011
CE15B022,CH5440
CE15B024,OE5011
CE15B027,CE5100
CE15B028,CE3420
CE15B030,CE3420
CE15B034,HS3280A
CE15B034,CE4011
CE15B034,CE5380
CE15B034,CE5180
CE15B035,CE5390
CE15B041,CE5390
CE15B044,CE4310
CE15B044,CE4640
CE15B049,CE5390
CE15B055,CE5730
CE15B062,HS2370
CE15B063,CE4011
CE15B065,CE5390
CE15B068,CE4011
CE15B069,CE5380
CE15B069,CE4310
CE15B070,MS3590
CE15B073,CE4011
CE15B074,CE4011
CE15B075,MS3540
CE15B076,CE4901
CE15B077,CE4011
CE15B077,CE5800
CE15B078,CE4011
CE15B078,CE3330
CE15B087,CE4011
CE15B087,CE3420
CE15B091,ID3100
CE15B092,CE5730
CE15B092,HS4002
CE15B094,CE5730
CE15B094,CE5100
CE15B094,HS4002
CE15B094,CE4011
CE15B095,CE4310
CE15B096,ID3100
CE15B103,HS5920
CE15B104,CE5100
CE15B104,CE5670
CE15B105,CE5100
CE15B105,MS3540
CE15B105,CE3420
CE16B007,HS2370
CE16B008,MA2030
CE16B010,HS2370A
CE16B013,HS5920
CE16B025,HS4571
CE16B030,HS4571
CE16B033,HS2370A
CE16B036,MA2030
CE16B039,MA2020
CE16B040,HS2370A
CE16B041,HS2370A
CE16B043,HS2370A
CE16B048,HS2370A
CE16B050,HS2370A
CE16B054,MA2030
CE16B054,HS3280
CE16B107,MA2030
CE16B107,HS2370A
CE16B111,HS4002
CE16B114,HS4210
CE16B115,HS2370
CE16B120,MA2040
CE16B124,MA2020
CE16B125,HS2370
CE16B126,HS2370
CE16B128,HS2370A
CE16B129,HS2370
CE16B133,HS2370
CH15B001,CH5023
CH15B007,HS4450
CH15B008,HS4450
CH15B014,CH5200
CH15B016,CH4170
CH15B018,BT4230
CH15B024,BT2082
CH15B028,CH5015
CH15B029,CH5019
CH15B033,CH5019
CH15B034,BT5330
CH15B035,CH5015
CH15B036,BT2082
CH15B038,CH5019
CH15B039,ME5134
CH15B043,CH5015
CH15B049,BT2022
CH15B059,ME5134
CH15B060,HS4450
CH15B061,CH5470
CH15B063,CH5200
CH15B063,HS4030
CH15B065,CH5470
CH15B065,HS4030
CH15B070,HS4030
CH15B071,BT2022
CH15B075,CH5015
CH15B075,BT2082
CH15B076,CH5015
CH15B076,BT2082
CH15B077,CH5015
CH15B077,BT2082
CH15B079,CH5015
CH15B083,CH4170
CH15B084,CH5015
CH15B084,BT2082
CH15B086,BT2022
CH15B093,CY1050
CH15B095,CH5023
CH15B097,CE5290
CH16B001,CH6020
CH16B015,MS3530
CH16B023,MS3540
CH16B027,MS3540
CH16B028,MS3540
CH16B039,HS2370A
CH16B039,CH5470
CH16B041,MA2040
CH16B043,MS3540
CH16B057,HS3280
CH16B059,MA2031
CH16B117,HS4210
CS15B016,CS6170
CS15B018,MA2020
CS15B018,HS2370
CS15B023,CS3205
CS15B023,CS6530
CS15B023,CS6100
CS15B027,BT2082
CS15B033,CS6847
CS15B038,HS2370A
CS15B039,MS3510+
CS15B041,CS6847
CS15B043,MS3590
CS15B044,CE4010
CS15B047,HS4002
CS15B054,CS6330
CS15B054,HS4002
CS16B042,HS3021
CS16B114,HS2370
ED15B004,ED5260
ED15B010,ED5260
ED15B010,EE6022
ED15B011,AS5710
ED15B011,ED5012
ED15B012,ED5318
ED15B015,ED5012
ED15B017,ED5260
ED15B018,CH5440
ED15B028,ED5012
ED15B029,HS2370
ED15B029,ED5012
ED15B030,ED5012
ED15B033,ED5012
ED15B039,ED5260
ED15B040,ED5511
ED15B044,ED5260
ED15B047,ED5318
ED15B050,ED5260
ED15B050,EE6022
ED15B053,ED5260
ED15B053,EE6022
ED15B054,HS4030
ED15B056,ED5012
ED16B008,MA2030
ED16B051,ID5030
EE15B001,EE5154
EE15B003,EE5155
EE15B004,ED3040
EE15B004,EE3203
EE15B004,EE3402
EE15B007,EE5111
EE15B008,EE5155
EE15B008,EE4371
EE15B009,EE5141
EE15B012,CH5024
EE15B014,EE5155
EE15B015,EE4371
EE15B016,EE5155
EE15B017,EE3203
EE15B021,EE5155
EE15B022,CH5019
EE15B024,EE5155
EE15B025,EE5121
EE15B026,CH5019
EE15B028,EE6419
EE15B028,EE5155
EE15B028,EE4371
EE15B029,EE4371
EE15B034,HS2370
EE15B035,EE6430
EE15B037,EE3203
EE15B038,EE4371
EE15B040,MA2040
EE15B040,EE3402
EE15B040,EE4371
EE15B040,EE3110
EE15B041,EE5154
EE15B044,CS6330
EE15B045,EE3203
EE15B048,EE5341
EE15B054,EE3110
EE15B056,EE5155
EE15B056,EE5141
EE15B057,MA2040
EE15B057,EE3402
EE15B059,EE5121
EE15B059,EE5141
EE15B059,EE3203
EE15B062,EE4371
EE15B062,EE3203
EE15B063,EE3203
EE15B063,BT4240
EE15B067,EE5121
EE15B067,EE6506
EE15B068,CS6700
EE15B069,CH5019
EE15B070,EE5155
EE15B070,EE4371
EE15B071,GN6001
EE15B072,EE3203
EE15B075,EE5121
EE15B075,EE5141
EE15B075,MS3590
EE15B076,EE4371
EE15B077,EE3203
EE15B078,EE4371
EE15B078,EE6418
EE15B079,EE5154
EE15B080,EE3203
EE15B085,CS6790
EE15B085,EE3110
EE15B086,MS3590
EE15B087,EE5121
EE15B090,EE3203
EE15B093,EE3110
EE15B094,CS2800
EE15B094,EE3110
EE15B095,EE6418
EE15B096,EE4371
EE15B098,EE3110
EE15B098,MS3590
EE15B102,EE3203
EE15B102,HS2370
EE15B103,EE3203
EE15B110,EE5351
EE15B110,EE3007
EE15B112,EE5155
EE15B113,EE5341
EE15B115,EE3203
EE15B116,EE3110
EE15B119,EE4371
EE15B119,BT2082
EE15B120,EE3110
EE15B123,CS7015
EE15B124,EE4371
EE15B126,EE3203
EE15B127,EE3110
EE15B127,EE5155
EE15B128,EE3110
EE15B131,EE5155
EE15B133,CS6700
EP15B002,PH5720
EP15B005,ID5030
EP15B006,EE6418
EP15B008,BT2082
EP15B011,HS2370
EP15B011,EE4371
EP15B015,PH5720
EP15B015,CH5470
EP15B016,PH5720
EP15B016,HS4002
EP15B016,EE6418
EP15B018,HS4030
EP15B020,PH5811
EP15B023,EP3100
EP15B025,MA2030
EP15B026,MA2030
EP15B026,MS3590
EP15B027,EE5154
EP15B028,EE4371
EP15B030,PH5811
EP15B031,CH5470
ME15B001,ME5127
ME15B004,ME5127
ME15B005,ME5127
ME15B006,ME5127
ME15B006,ME5134
ME15B006,ME6125
ME15B007,ME6125
ME15B007,ME4001
ME15B007,CH5019
ME15B011,ME5127
ME15B012,ME4323
ME15B012,ME5134
ME15B012,HS2370A
ME15B013,ME5134
ME15B013,ME5127
ME15B017,ME5134
ME15B024,ME5134
ME15B027,ME5127
ME15B028,ME4323
ME15B028,CE5180
ME15B028,HS3029
ME15B030,HS4002
ME15B031,ME4001
ME15B032,ME4323
ME15B032,ME5127
ME15B032,CE5180
ME15B033,CE5180
ME15B033,ME6324
ME15B036,CE3050
ME15B039,MS3590
ME15B040,PH3520
ME15B040,HS3280
ME15B042,ME5127
ME15B048,ID4100
ME15B053,ME4001
ME15B054,MS3590
ME15B056,ME5127
ME15B056,ME6125
ME15B056,ME5134
ME15B059,ME6125
ME15B060,ME6006
ME15B060,ME4001
ME15B061,CH5019
ME15B061,MS3590
ME15B062,ME6324
ME15B063,CH5023
ME15B064,HS4030
ME15B066,CS2800
ME15B067,HS4030
ME15B068,ME5134
ME15B068,MS3590
ME15B068,ME5127
ME15B070,ME4001
ME15B072,HS4030
ME15B073,CS2800
ME15B073,ME6006
ME15B073,HS2370A
ME15B076,ME6006
ME15B076,ME4001
ME15B077,ME5127
ME15B077,EE5121
ME15B081,ID5030
ME15B082,MS3590
ME15B086,ID4100
ME15B087,EE5121
ME15B087,ME5134
ME15B088,CS2800
ME15B089,PH3520
ME15B089,PH5620
ME15B091,OE5170
ME15B092,ME4323
ME15B092,ME5134
ME15B093,AS5710
ME15B093,ME6125
ME15B093,OE5170
ME15B094,MS3590
ME15B097,ME4203
ME15B097,AS2080
ME15B098,ME6324
ME15B098,MS3590
ME15B099,ME5134
ME15B100,MM2060
ME15B100,HS4002
ME15B102,CH5019
ME15B102,MS3590
ME15B105,ME5134
ME15B107,OE5170
ME15B108,ID5030
ME15B109,OE5170
ME15B110,MS3590
ME15B110,HS2370
ME15B111,HS2370
ME15B111,ME5134
ME15B112,ME5134
ME15B113,AS5710
ME15B114,ID5030
ME15B114,ME5134
ME15B115,HS2370
ME15B116,ME6324
ME15B117,ME4323
ME15B120,ME5134
ME15B122,ME6324
ME15B123,ID5030
ME15B125,ME6225
ME15B128,OE5170
ME15B129,AS5710
ME15B130,ME6125
ME15B135,ME4323
ME15B135,HS2370
ME15B136,AS5850
ME15B139,MS3590
ME15B139,ME6324
ME15B140,ID5030
ME15B140,MS3590
ME15B140,ME6324
ME15B141,MS3590
ME15B143,AS5710
ME15B144,CE5290
ME15B145,CE5290
ME15B146,ID3100
ME15B146,ME5127
ME15B147,ID5030
ME15B147,ME6324
ME15B149,ME4203
ME15B152,ME6225
ME15B152,ME6230
ME15B154,MS3530
ME15B155,ME6006
ME15B155,ME4001
ME15B155,ME4203
ME15B157,ED5018
ME15B158,ID5030
ME15B158,ME5134
ME15B158,EE5175
ME15B159,MS3510
ME15B161,ME6324
ME15B161,ME6125
ME15B164,ME6324
ME15B164,ME6125
ME15B165,AS5710
ME15B166,ME6324
ME15B166,ME6125
ME15B167,ME6324
ME15B167,ME6125
ME16B001,ME2200
ME16B002,ME2200
ME16B003,ME2200
ME16B007,ME2200
ME16B010,ME2200
ME16B011,ME2200
ME16B012,ME2200
ME16B014,ME2200
ME16B015,ME2200
ME16B016,ME2200
ME16B017,ME2200
ME16B018,ME2200
ME16B021,ME2200
ME16B021,MA2030
ME16B027,ME2200
ME16B029,ME2200
ME16B031,ME2200
ME16B032,ME2200
ME16B034,ME2200
ME16B036,ME2200
ME16B037,ME2200
ME16B039,ME2200
ME16B043,ME2200
ME16B044,ME2200
ME16B045,ME2200
ME16B047,ME2200
ME16B049,ME2200
ME16B050,ME2200
ME16B055,ME2200
ME16B056,ME2200
ME16B057,ME2200
ME16B058,ME2200
ME16B059,ME2200
ME16B061,ME2200
ME16B063,ED3040
ME16B067,ID4100
ME16B067,ME6999
ME16B068,ME2200
ME16B070,ME2200
ME16B071,ED3040
ME16B072,ME2200
ME16B076,ME2200
ME16B077,ME2200
ME16B078,ME2200
ME16B102,ME2200
ME16B111,ME2200
ME16B113,MA2030
ME16B113,ME2200
ME16B115,ME2200
ME16B118,ME2200
ME16B119,ME2200
ME16B121,ME2200
ME16B122,ME2200
ME16B126,MA2030
ME16B126,ME2200
ME16B130,MA2030
ME16B133,ME2200
ME16B134,ME2200
ME16B136,ME2200
ME16B138,MA2030
ME16B138,ME2200
ME16B142,ME2200
ME16B148,ME2200
ME16B152,ME2200
ME16B154,ME2200
ME16B156,ME2200
ME16B159,ME2200
ME16B160,ME2200
ME16B161,ME2200
ME16B164,ME2200
ME16B166,ME2200
ME16B169,ME2200
ME16B170,MA2030
ME16B172,MA2030
ME16B172,ME2200
ME16B173,ME2200
ME16B174,ME2200
ME16B175,ME2200
ME16B177,ME2200
ME16B178,ME2200
ME16B180,ME2200
MM15B005,BT2082
MM15B005,BT4240
MM15B008,BT4240
MM15B009,MS3530
MM15B010,MM5016
MM15B010,BT2082
MM15B016,HS4002
MM15B016,GN6001
MM15B017,BT4240
MM15B019,BT4240
MM15B030,ED5316
MM15B032,CH5019
MM15B043,MM5017
MM15B043,PH3520
MM15B046,MM3180
MM16B001,HS2370
MM16B006,HS2370
MM16B009,MS3510+
MM16B009,HS4210
MM16B013,HS4450
MM16B014,HS4210
MM16B016,HS2370
MM16B017,HS4450
MM16B023,HS4002
MM16B025,MS3510+
MM16B026,HS2370
MM16B027,MS3510
MM16B028,HS4210
MM16B029,HS1110
MM16B105,HS4030
MM16B108,MM3180
MM16B112,HS4210
NA15B001,CH5019
NA15B005,OE4600
NA15B005,MS3590
NA15B008,ID5030
NA15B008,OE5320
NA15B010,ID5030
NA15B011,MS3590
NA15B013,OE4600
NA15B014,MS3590
NA15B014,HS2370A
NA15B016,ED5018
NA15B016,HS4030
NA15B016,GN6001
NA15B017,HS3029
NA15B017,OE4600
NA15B018,OE5320
NA15B021,OE4600
NA15B024,MM5190
NA15B025,OE4600
NA15B028,OE4600
NA15B028,OE5320
NA15B031,HS4030
NA15B033,OE5170
NA15B034,OE4600
NA15B034,MM5190
NA15B041,CH5019
NA15B041,MA2030
NA15B043,MA2040
NA15B043,GN6001
NA15B043,ED1092
NA15B043,HS4450
NA15B045,MM3180
NA15B046,MA2040
NA15B046,GN6001
NA15B047,CH5019
NA15B049,OE5170
NA15B049,MA2030
PH16B002,PH3520
PH16B003,PH3520
PH16B005,PH3520
PH16B006,HS3029
PH16B007,PH3520
PH16B007,HS3029
PH16B008,PH3520
PH16B010,EE1100
AE17B007,EE1100
AE17B012,EE1101
AE17B016,EE1100
AE17B043,EE1100
AE17B104,CS6530
ME17B179,HS2370
PH17B011,HS4002
BS17B009,MA1102
BS17B011,MA1102
BS17B014,MA1102
BS17B019,MA1102
BS17B021,MA1102
BS17B026,MA1102
ME17B085,HS2370A
ME17B182,HS5920
ME17B174,HS2370
ME17B173,HS2370
EE17B071,HS2370
EE17B009,HS2370
EE17B022,HS4210
EE17B037,HS4571
EE17B063,HS2370
EE17B109,HS4210
EE17B112,HS4210
EE17B118,HS4030
EE17B121,HS2370
EE17B138,HS4450
EE17B142,HS4030
EE17B151,HS4571
ME17B002,HS3090
ME17B009,HS3090
ME17B012,HS4030
ME17B018,HS2370
ME17B020,HS2370
ME17B021,HS4030
ME17B037,HS4030
ME17B041,HS4450
ME17B060,HS4450
ME17B065,HS4002
ME17B108,HS4030
ME17B119,HS3280
ME17B122,HS4002
ME17B137,HS2370
ME17B153,HS2370
ME17B154,HS4571
ME17B165,HS4002
CH17B077,HS4210
NA17B011,HS4002
CH17B078,HS2370
NA17B029,HS4002
NA17B034,HS3090
NA17B101,HS2370A
NA17B108,HS2370
NA17B112,HS4030
ME17B184,HS2370
AE17B029,EE1100
EE17B018,HS2370
EE17B103,HS2370
ME17B066,HS2370
NA17B110,HS4002
