Student ID, Course Alloted
AE15B001,HS4006
AE15B002,HS3002C
AE15B003,HS3002
AE15B005,HS3002A
AE15B006,HS3002
AE15B007,HS3002
AE15B008,HS5930
AE15B009,HS3002C
AE15B010,HS2050
AE15B011,HS5930
AE15B012,HS5070
AE15B013,HS3002
AE15B014,HS2050
AE15B015,HS5920
AE15B016,HS3002C
AE15B017,HS3002B
AE15B018,HS3280
AE15B019,HS5930
AE15B020,HS3002
AE15B021,HS3002C
AE15B022,HS3002B
AE15B023,HS5070
AE15B025,HS1090+
AE15B026,HS1090+
AE15B029,HS4002
AE15B030,HS3002A
AE15B031,HS3002A
AE15B032,HS3002C
AE15B033,HS3002C
AE15B034,HS5930
AE15B035,HS3002A
AE15B036,HS3002A
AE15B038,HS3002C
AE15B039,HS5070
AE15B040,HS3002C
AE15B042,HS2050
AE15B043,HS3002A
AE15B044,HS1090+
AE15B045,HS3002C
AE15B046,HS2050
AE15B049,HS4002
AE15B050,HS3002D
AE15B051,HS2050
AE15B053,HS3002C
AE15B055,HS5920
AE15B056,HS3002A
AE15B058,HS5930
AE15B059,HS1090+
BE15B004,HS3002A
BE15B005,HS3002A
BE15B006,HS3002A
BE15B007,HS1090+
BE15B008,HS3002B
BE15B009,HS1090+
BE15B011,HS3002
BE15B012,HS3002B
BE15B013,HS3002A
BE15B014,HS3002
BE15B015,HS3002
BE15B017,HS5070
BE15B018,HS3002
BE15B019,HS3002D
BE15B021,HS1090+
BE15B022,HS3002B
BE15B023,HS3002B
BE15B025,HS5930
BE15B026,HS3002D
BE15B027,HS3002D
BE15B028,HS1090+
BE15B029,HS5930
BE15B030,HS1090+
BE15B031,HS5920
BS15B001,HS3002D
BS15B002,HS3002C
BS15B003,HS3002A
BS15B004,HS3002C
BS15B005,HS2050
BS15B006,HS5930
BS15B007,HS3002
BS15B008,HS3002
BS15B011,HS3002A
BS15B012,HS3002B
BS15B013,HS4002
BS15B014,HS4002
BS15B017,HS3002B
BS15B020,HS3420A
BS15B022,HS3002
BS15B023,HS3002C
BS15B024,HS3002C
BS15B025,HS3002A
BS15B027,HS5920
BS15B028,HS1090+
CH15B001,HS3002
CH15B002,HS3002
CH15B003,HS3002A
CH15B004,HS3002C
CH15B005,HS5070
CH15B006,HS3002D
CH15B007,HS3002B
CH15B008,HS3002B
CH15B009,HS5070
CH15B010,HS3002
CH15B011,HS3002C
CH15B012,HS3002
CH15B013,HS5920
CH15B014,HS4006
CH15B016,HS3002
CH15B017,HS3002A
CH15B018,HS3002C
CH15B019,HS3002B
CH15B021,HS1090+
CH15B022,HS3002B
CH15B024,HS5920
CH15B025,HS3002D
CH15B026,HS5930
CH15B027,HS5930
CH15B028,HS3002B
CH15B029,HS1090+
CH15B030,HS3002D
CH15B031,HS3002D
CH15B033,HS3002
CH15B034,HS1090+
CH15B035,HS3002D
CH15B036,HS5920
CH15B037,HS5920
CH15B038,HS3002B
CH15B039,HS3002A
CH15B040,HS3002D
CH15B041,HS3002B
CH15B042,HS3002B
CH15B043,HS5920
CH15B044,HS3002D
CH15B045,HS3002
CH15B047,HS5930
CH15B048,HS1090+
CH15B049,HS5920
CH15B050,HS5930
CH15B051,HS3002C
CH15B052,HS3002C
CH15B053,HS3002D
CH15B054,HS3002
CH15B055,HS3002D
CH15B056,HS3002D
CH15B057,HS3002C
CH15B058,HS4540
CH15B059,HS4540
CH15B060,HS3002C
CH15B061,HS3002C
CH15B062,HS3002B
CH15B063,HS3002C
CH15B064,HS3002D
CH15B065,HS3002
CH15B066,HS4540
CH15B067,HS3002D
CH15B069,HS3002D
CH15B070,HS5930
CH15B071,HS3002
CH15B073,HS5930
CH15B074,HS2050
CH15B075,HS3002B
CH15B076,HS3002B
CH15B077,HS3002B
CH15B078,HS3002C
CH15B079,HS3002B
CH15B081,HS5930
CH15B082,HS5920
CH15B083,HS3002B
CH15B084,HS3002B
CH15B086,HS3002A
CH15B087,HS3002
CH15B088,HS3002A
CH15B090,HS3002C
CH15B093,HS3002A
CH15B094,HS3002C
CH15B095,HS3002A
CH15B097,HS3002B
CS15B001,HS3002C
CS15B002,HS3002B
CS15B003,HS3002B
CS15B004,HS3280
CS15B005,HS3002B
CS15B006,HS5930
CS15B007,HS3002B
CS15B008,HS3002C
CS15B009,HS4540
CS15B010,HS3002C
CS15B011,HS3002A
CS15B012,HS3002C
CS15B013,HS3002D
CS15B014,HS3002
CS15B015,HS5920
CS15B016,HS1090+
CS15B017,HS3002A
CS15B018,HS5930
CS15B019,HS3002B
CS15B020,HS3002D
CS15B021,HS3002C
CS15B022,HS5920
CS15B023,HS3002A
CS15B024,HS3002A
CS15B025,HS3002D
CS15B026,HS5930
CS15B027,HS3002A
CS15B028,HS3002
CS15B029,HS3002
CS15B030,HS3002
CS15B031,HS1090+
CS15B032,HS3002D
CS15B033,HS3002B
CS15B034,HS3002
CS15B035,HS3002
CS15B036,HS3002A
CS15B037,HS5930
CS15B038,HS3002B
CS15B039,HS3002C
CS15B040,HS3002
CS15B041,HS3002C
CS15B042,HS5930
CS15B043,HS5930
CS15B044,HS3002A
CS15B045,HS3002A
CS15B046,HS3002
CS15B047,HS3002B
CS15B048,HS4002
CS15B049,HS4006
CS15B050,HS1090+
CS15B051,HS3002A
CS15B052,HS1090+
CS15B053,HS3002B
CS15B054,HS3002
CS15B056,HS1090+
CS15B057,HS3002A
CS15B058,HS3002C
CS15B059,HS3002D
CS15B060,HS3002D
CS15B061,HS2050
EE15B001,HS3002A
EE15B002,HS4540
EE15B003,HS4540
EE15B004,HS3280
EE15B005,HS2050
EE15B006,HS1090+
EE15B007,HS1090+
EE15B008,HS3002A
EE15B009,HS1090+
EE15B010,HS5930
EE15B011,HS3002C
EE15B012,HS3280
EE15B014,HS1090+
EE15B015,HS3002
EE15B016,HS1090+
EE15B017,HS3420A
EE15B018,HS5920
EE15B019,HS1090+
EE15B020,HS3002
EE15B021,HS3002D
EE15B022,HS1090+
EE15B024,HS2050
EE15B025,HS1090+
EE15B026,HS5920
EE15B027,HS3280
EE15B028,HS3002B
EE15B029,HS5920
EE15B030,HS1090+
EE15B031,HS3002C
EE15B032,HS3002A
EE15B033,HS5920
EE15B034,HS5930
EE15B035,HS1090+
EE15B036,HS3002A
EE15B037,HS3002A
EE15B038,HS5920
EE15B039,HS2050
EE15B040,HS2050
EE15B041,HS3002C
EE15B042,HS4006
EE15B043,HS5920
EE15B044,HS3002D
EE15B045,HS4006
EE15B046,HS3002A
EE15B047,HS5930
EE15B048,HS1090+
EE15B049,HS4002
EE15B050,HS3002
EE15B051,HS4006
EE15B052,HS4002
EE15B053,HS5930
EE15B054,HS3420A
EE15B055,HS2050
EE15B056,HS3280
EE15B057,HS1090+
EE15B058,HS1090+
EE15B059,HS3002
EE15B060,HS3002
EE15B062,HS3002A
EE15B063,HS3002C
EE15B064,HS5930
EE15B065,HS3002D
EE15B066,HS1090+
EE15B067,HS2050
EE15B068,HS3002
EE15B069,HS1090+
EE15B070,HS5920
EE15B071,HS2050
EE15B072,HS1090+
EE15B073,HS1090+
EE15B074,HS5930
EE15B075,HS3002C
EE15B076,HS1090+
EE15B077,HS5920
EE15B078,HS3002A
EE15B079,HS1090+
EE15B080,HS3002C
EE15B081,HS5920
EE15B082,HS4540
EE15B083,HS3280
EE15B084,HS3002A
EE15B085,HS2050
EE15B086,HS3280
EE15B087,HS1090+
EE15B088,HS2050
EE15B089,HS5920
EE15B090,HS5930
EE15B091,HS3002B
EE15B092,HS3002
EE15B093,HS3002C
EE15B094,HS3002B
EE15B095,HS2050
EE15B096,HS3002A
EE15B097,HS2050
EE15B098,HS3002D
EE15B099,HS3280
EE15B100,HS5930
EE15B101,HS1090+
EE15B102,HS5930
EE15B103,HS3002D
EE15B104,HS1090+
EE15B105,HS3002C
EE15B106,HS3420A
EE15B107,HS3002
EE15B108,HS3280
EE15B109,HS2050
EE15B110,HS4005
EE15B111,HS3002
EE15B112,HS5920
EE15B113,HS3002D
EE15B114,HS3002C
EE15B115,HS5930
EE15B116,HS4002
EE15B117,HS3002
EE15B118,HS4005
EE15B119,HS3002D
EE15B120,HS3002C
EE15B121,HS3002C
EE15B122,HS3002
EE15B123,HS3002
EE15B124,HS3002A
EE15B125,HS1090+
EE15B126,HS3002B
EE15B127,HS5930
EE15B128,HS3002A
EE15B129,HS3002B
EE15B130,HS3002C
EE15B131,HS5930
EE15B132,HS2050
EE15B133,HS5930
EE15B134,HS3420A
EP15B001,HS1090+
EP15B002,HS3002B
EP15B003,HS5930
EP15B004,HS3002B
EP15B005,HS5930
EP15B006,HS3002A
EP15B007,HS3002B
EP15B008,HS3002C
EP15B009,HS5930
EP15B010,HS5930
EP15B011,HS3002C
EP15B012,HS3002C
EP15B013,HS4002
EP15B014,HS4006
EP15B015,HS3002
EP15B016,HS3002A
EP15B017,HS3002B
EP15B018,HS3002A
EP15B019,HS2050
EP15B020,HS3002
EP15B021,HS3002B
EP15B023,HS2050
EP15B024,HS2050
EP15B025,HS3002B
EP15B026,HS3002B
EP15B027,HS2050
EP15B028,HS3002A
EP15B030,HS3002D
EP15B031,HS5070
MM15B001,HS3002C
MM15B002,HS3002
MM15B004,HS5930
MM15B005,HS5920
MM15B006,HS3002A
MM15B007,HS5930
MM15B008,HS3002D
MM15B009,HS3002D
MM15B010,HS5920
MM15B011,HS3002D
MM15B012,HS1090+
MM15B013,HS1090+
MM15B014,HS3002
MM15B015,HS1090+
MM15B016,HS3002
MM15B017,HS3002D
MM15B018,HS3002B
MM15B019,HS3002D
MM15B020,HS1090+
MM15B021,HS3002B
MM15B022,HS2050
MM15B023,HS3002A
MM15B024,HS3002D
MM15B025,HS3002C
MM15B026,HS3002C
MM15B029,HS5930
MM15B030,HS5930
MM15B031,HS5930
MM15B032,HS3002B
MM15B034,HS5930
MM15B035,HS3002B
MM15B036,HS3002A
MM15B039,HS3002B
MM15B040,HS3002
MM15B041,HS3280
MM15B043,HS3002A
MM15B044,HS3002B
MM15B046,HS4006
MM15B047,HS3002
MM15B048,HS3002B
NA15B001,HS5070
NA15B002,HS5070
NA15B003,HS4005
NA15B004,HS5930
NA15B005,HS5930
NA15B006,HS5930
NA15B007,HS3002A
NA15B008,HS5920
NA15B010,HS3002A
NA15B011,HS3002B
NA15B012,HS2050
NA15B013,HS5930
NA15B014,HS5930
NA15B016,HS3420A
NA15B017,HS5920
NA15B018,HS3002
NA15B019,HS3002A
NA15B020,HS5930
NA15B022,HS3002C
NA15B023,HS3002D
NA15B024,HS3002C
NA15B025,HS4540
NA15B028,HS3002
NA15B029,HS1090+
NA15B030,HS3002B
NA15B031,HS3002A
NA15B032,HS2050
NA15B033,HS4005
NA15B034,HS3002
NA15B036,HS3002B
NA15B039,HS1090+
NA15B041,HS2050
NA15B042,HS4006
NA15B043,HS3420A
NA15B044,HS4006
NA15B045,HS3280
NA15B046,HS4006
NA15B047,HS4540
NA15B048,HS4006
NA15B049,HS3002
PH15B001,HS2050
PH15B005,HS1090+
PH15B006,HS2050
PH15B007,HS4006
PH15B008,HS3002C
PH15B009,HS2050
BE15B004,MA2020
BE15B005,MA2020
BE15B006,MA2020
BE15B007,MA2020
BE15B008,MA2020
BE15B009,MA2020
BE15B011,MA2031
BE15B012,MA2020
BE15B013,MA2020
BE15B014,MA2020
BE15B015,MA2020
BE15B017,MA2020
BE15B018,MA2020
BE15B019,MA2020
BE15B021,MA2020
BE15B022,MA2031
BE15B023,MA2020
BE15B025,MA2020
BE15B026,MA2020
BE15B027,MA2031
BE15B028,MA2020
BE15B029,MA2020
BE15B030,MA2020
BE15B031,MA2020
BE15B032,MA2031
CE15B001,MA2020
CE15B002,MA2020
CE15B003,MA2020
CE15B004,MA2040
CE15B005,MA2020
CE15B006,MA2020
CE15B007,MA2040
CE15B009,MA2040
CE15B010,MA2020
CE15B011,MA2040
CE15B012,MA2020
CE15B013,MA2040
CE15B015,MA2020
CE15B017,MA2020
CE15B018,MA2020
CE15B019,MA2020
CE15B021,MA2020
CE15B022,MA2020
CE15B023,MA2031
CE15B024,MA2020
CE15B026,MA2020
CE15B027,MA2020
CE15B028,MA2020
CE15B029,MA2020
CE15B030,MA2040
CE15B031,MA2040
CE15B032,MA2040
CE15B033,MA2040
CE15B034,MA2020
CE15B035,MA2130
CE15B036,MA2020
CE15B037,MA2020
CE15B038,MA2020
CE15B039,MA2040
CE15B040,MA2020
CE15B041,MA2040
CE15B042,MA2020
CE15B043,MA2020
CE15B044,MA2020
CE15B045,MA2040
CE15B046,MA2020
CE15B047,MA2020
CE15B048,MA2040
CE15B049,MA2020
CE15B050,MA2020
CE15B051,MA2020
CE15B052,MA2020
CE15B053,MA2020
CE15B054,MA2020
CE15B055,MA2040
CE15B056,MA2040
CE15B057,MA2020
CE15B058,MA2020
CE15B059,MA2020
CE15B060,MA2020
CE15B062,MA2020
CE15B063,MA2020
CE15B064,MA2040
CE15B065,MA2020
CE15B066,MA2130
CE15B067,MA2020
CE15B068,MA2020
CE15B069,MA2040
CE15B070,MA2020
CE15B071,MA2020
CE15B072,MA2020
CE15B073,MA2020
CE15B074,MA2020
CE15B075,MA2020
CE15B076,MA2020
CE15B077,MA2020
CE15B078,MA2020
CE15B079,MA2020
CE15B082,MA2020
CE15B084,MA2020
CE15B085,MA2020
CE15B086,MA2020
CE15B087,MA2020
CE15B088,MA2020
CE15B089,MA2040
CE15B091,MA2020
CE15B092,MA2020
CE15B093,MA2020
CE15B094,MA2020
CE15B095,MA2020
CE15B096,MA2020
CE15B100,MA2040
CE15B101,MA2020
CE15B102,MA2020
CE15B103,MA2020
CE15B104,MA2020
CE15B105,MA2020
CH15B001,MA2020
CH15B002,MA2020
CH15B003,MA2020
CH15B004,MA2020
CH15B005,MA2020
CH15B006,MA2020
CH15B007,MA2020
CH15B008,MA2020
CH15B009,MA2020
CH15B010,MA2130
CH15B011,MA2020
CH15B012,MA2020
CH15B013,MA2020
CH15B014,MA2020
CH15B016,MA2020
CH15B017,MA2020
CH15B018,MA2020
CH15B019,MA2020
CH15B021,MA2020
CH15B022,MA2020
CH15B024,MA2020
CH15B025,MA2040
CH15B026,MA2020
CH15B027,MA2020
CH15B028,MA2020
CH15B029,MA2020
CH15B030,MA2020
CH15B031,MA2020
CH15B033,MA2020
CH15B034,MA2020
CH15B035,MA2020
CH15B036,MA2020
CH15B037,MA2020
CH15B038,MA2020
CH15B039,MA2020
CH15B040,MA2040
CH15B041,MA2020
CH15B042,MA2040
CH15B043,MA2020
CH15B044,MA2020
CH15B045,MA2040
CH15B048,MA2020
CH15B049,MA2020
CH15B050,MA2020
CH15B051,MA2020
CH15B052,MA2020
CH15B053,MA2020
CH15B054,MA2031
CH15B055,MA2020
CH15B056,MA2020
CH15B057,MA2020
CH15B058,MA2020
CH15B059,MA2020
CH15B060,MA2020
CH15B061,MA2020
CH15B062,MA2040
CH15B063,MA2020
CH15B064,MA2020
CH15B065,MA2020
CH15B066,MA2020
CH15B067,MA2020
CH15B069,MA2020
CH15B070,MA2020
CH15B071,MA2040
CH15B073,MA2020
CH15B074,MA2020
CH15B075,MA2020
CH15B076,MA2020
CH15B077,MA2020
CH15B078,MA2020
CH15B079,MA2020
CH15B081,MA2020
CH15B082,MA2020
CH15B083,MA2040
CH15B084,MA2020
CH15B086,MA2040
CH15B087,MA2020
CH15B088,MA2020
CH15B090,MA2020
CH15B093,MA2020
CH15B094,MA2040
CH15B095,MA2040
CH15B097,MA2010
EE15B001,MA2040
EE15B002,MA2031
EE15B003,MA2031
EE15B004,MA2031
EE15B005,MA2031
EE15B006,MA2031
EE15B007,MA2040
EE15B008,MA2031
EE15B009,MA2031
EE15B010,MA2031
EE15B011,MA2010
EE15B012,MA2031
EE15B014,MA2031
EE15B015,MA2031
EE15B016,MA2031
EE15B017,MA2031
EE15B018,MA2031
EE15B019,MA2031
EE15B020,MA2031
EE15B021,MA2031
EE15B022,MA2010
EE15B024,MA2031
EE15B025,MA2031
EE15B026,MA2020
EE15B027,MA2031
EE15B028,MA2031
EE15B029,MA2031
EE15B030,MA2031
EE15B031,MA2031
EE15B032,MA2040
EE15B033,MA2031
EE15B034,MA2040
EE15B035,MA2031
EE15B036,MA2031
EE15B037,MA2031
EE15B038,MA2031
EE15B039,MA2031
EE15B040,MA2031
EE15B041,MA2031
EE15B042,MA2031
EE15B043,MA2031
EE15B044,MA2031
EE15B045,MA2031
EE15B046,MA2031
EE15B047,MA2031
EE15B048,MA2031
EE15B049,MA2031
EE15B050,MA2031
EE15B051,MA2031
EE15B052,MA2130
EE15B053,MA2031
EE15B054,MA2031
EE15B055,MA2031
EE15B056,MA2010
EE15B057,MA2031
EE15B058,MA2031
EE15B059,MA2031
EE15B060,MA2031
EE15B062,MA2031
EE15B063,MA2031
EE15B064,MA2031
EE15B065,MA2031
EE15B066,MA2031
EE15B067,MA2031
EE15B068,MA2031
EE15B069,MA2040
EE15B070,MA2040
EE15B071,MA2031
EE15B072,MA2031
EE15B073,MA2031
EE15B074,MA2010
EE15B075,MA2031
EE15B076,MA2031
EE15B077,MA2031
EE15B078,MA2031
EE15B079,MA2031
EE15B080,MA2031
EE15B081,MA2031
EE15B082,MA2010
EE15B083,MA2010
EE15B084,MA2031
EE15B085,MA2040
EE15B086,MA2010
EE15B087,MA2031
EE15B088,MA2040
EE15B089,MA2040
EE15B090,MA2040
EE15B091,MA2031
EE15B092,MA2010
EE15B093,MA2031
EE15B094,MA2031
EE15B095,MA2031
EE15B096,MA2031
EE15B097,MA2031
EE15B098,MA2040
EE15B099,MA2031
EE15B100,MA2040
EE15B101,MA2020
EE15B102,MA2040
EE15B103,MA2040
EE15B104,MA2031
EE15B105,MA2130
EE15B106,MA2031
EE15B107,MA2031
EE15B108,MA2040
EE15B109,MA2031
EE15B110,MA2020
EE15B111,MA2031
EE15B112,MA2020
EE15B113,MA2040
EE15B114,MA2040
EE15B115,MA2040
EE15B116,MA2031
EE15B117,MA2010
EE15B118,MA2031
EE15B119,MA2031
EE15B120,MA2031
EE15B121,MA2020
EE15B122,MA2031
EE15B123,MA2031
EE15B124,MA2031
EE15B125,MA2031
EE15B126,MA2031
EE15B127,MA2031
EE15B128,MA2031
EE15B129,MA2031
EE15B130,MA2031
EE15B131,MA2031
EE15B132,MA2130
EE15B133,MA2031
EE15B134,MA2031
EP15B001,MA2040
EP15B002,MA2010
EP15B003,MA2010
EP15B004,MA2040
EP15B005,MA2040
EP15B006,MA2040
EP15B007,MA2040
EP15B008,MA2040
EP15B009,MA2040
EP15B010,MA2040
EP15B011,MA2040
EP15B012,MA2040
EP15B013,MA2031
EP15B014,MA2040
EP15B015,MA2040
EP15B016,MA2040
EP15B017,MA2040
EP15B018,MA2020
EP15B019,MA2040
EP15B020,MA2010
EP15B021,MA2010
EP15B023,MA2020
EP15B024,MA2040
EP15B025,MA2040
EP15B026,MA2040
EP15B027,MA2040
EP15B028,MA2010
EP15B030,MA2040
EP15B031,MA2040
MM15B001,MA2020
MM15B002,MA2020
MM15B004,PH2170
MM15B005,PH2170
MM15B006,MA2020
MM15B008,MA2020
MM15B009,MA2040
MM15B010,MA2020
MM15B011,MA2020
MM15B012,MA2020
MM15B013,MA2020
MM15B014,MA2020
MM15B015,MA2020
MM15B017,MA2020
MM15B018,MA2130
MM15B019,MA2020
MM15B020,MA2020
MM15B021,MA2020
MM15B022,MA2020
MM15B023,MA2020
MM15B024,MA2020
MM15B025,MA2020
MM15B026,MA2020
MM15B029,MA2020
MM15B030,PH2170
MM15B031,MA2020
MM15B032,MA2040
MM15B034,MA2020
MM15B035,MA2020
MM15B036,MA2020
MM15B039,MA2020
MM15B040,MA2020
MM15B041,MA2020
MM15B043,MA2020
MM15B044,MA2020
MM15B046,MA2020
MM15B047,MA2020
MM15B048,MA2020
NA15B001,MA2040
NA15B002,MA2020
NA15B003,MA2020
NA15B004,MA2020
NA15B005,MA2020
NA15B006,MA2020
NA15B007,MA2040
NA15B008,MA2040
NA15B010,MA2040
NA15B011,MA2020
NA15B012,MA2031
NA15B013,MA2020
NA15B014,MA2020
NA15B016,MA2020
NA15B017,MA2020
NA15B018,MA2020
NA15B019,MA2040
NA15B020,MA2020
NA15B022,MA2020
NA15B023,MA2020
NA15B024,MA2130
NA15B025,MA2020
NA15B028,MA2020
NA15B029,MA2040
NA15B030,MA2040
NA15B031,MA2040
NA15B032,MA2031
NA15B033,MA2020
NA15B034,MA2020
NA15B036,MA2020
NA15B039,MA2020
NA15B041,MA2020
NA15B042,MA2020
NA15B043,MA2031
NA15B044,MA2020
NA15B046,MA2020
NA15B047,MA2020
NA15B048,MA2031
NA15B049,MA2040
PH15B001,MA2020
PH15B005,MA2020
PH15B006,MA2020
PH15B007,MA2020
PH15B008,MA2020
PH15B009,MA2020
CE15B001,BT2030
CE15B002,BT2030
CE15B004,PH2170
CE15B006,BT2010
CE15B007,EE2025
CE15B008,PH2170
CE15B009,EE2025
CE15B010,BT2012
CE15B011,PH2170
CE15B012,BT2010
CE15B013,PH2170
CE15B015,EE2025
CE15B018,PH3500
CE15B019,BT2012
CE15B022,PH2170
CE15B023,BT2012
CE15B024,EE2025
CE15B026,EE2025
CE15B028,PH2170
CE15B029,PH3500
CE15B030,EE2025
CE15B031,EE2025
CE15B032,EE2025
CE15B033,PH2170
CE15B034,BT2010
CE15B035,EE2025
CE15B036,BT2030
CE15B038,BT2012
CE15B040,BT2010
CE15B041,EE2025
CE15B042,PH2170
CE15B044,BT2012
CE15B045,OE4340
CE15B047,BT2030
CE15B048,PH3500
CE15B049,PH2170
CE15B051,EE2025
CE15B052,BT2012
CE15B053,EE2025
CE15B055,PH2170
CE15B056,CE3242
CE15B057,BT2030
CE15B058,BT2010
CE15B059,BT2030
CE15B060,PH2170
CE15B062,PH2170
CE15B063,BT2030
CE15B064,EE4371
CE15B065,EE2025
CE15B066,EE2025
CE15B069,PH2170
CE15B070,EE2025
CE15B072,EE2025
CE15B073,BT2030
CE15B074,EE2025
CE15B076,BT2010
CE15B077,BT2030
CE15B078,PH2170
CE15B084,PH2170
CE15B085,PH2170
CE15B087,EE2025
CE15B088,EE2025
CE15B089,CE3242
CE15B092,PH2170
CE15B093,PH2170
CE15B095,PH2170
CE15B099,EE1100
CE15B100,PH2170
CE15B101,EE2025
CE15B102,PH3500
CE15B103,EE1100
CE15B104,EE1100
CE15B105,EE2015
CS15B001,PH3500
CS15B002,BT2012
CS15B005,BT2010
CS15B006,PH3500
CS15B007,BT2012
CS15B008,PH3500
CS15B010,PH3500
CS15B011,PH3500
CS15B012,CH2061
CS15B013,CH2061
CS15B015,BT1022
CS15B016,PH3500
CS15B017,PH3500
CS15B019,OE4340
CS15B020,PH3500
CS15B021,PH3500
CS15B022,OE4340
CS15B023,PH3500
CS15B024,CH2061
CS15B025,BT1022
CS15B026,OE4340
CS15B027,BT1022
CS15B028,PH3500
CS15B029,BT1022
CS15B030,BT1022
CS15B031,PH3500
CS15B032,EE2015
CS15B034,PH3500
CS15B035,BT1022
CS15B036,BT1022
CS15B037,BT2010
CS15B039,PH3500
CS15B040,BT1022
CS15B041,PH3500
CS15B042,BT1022
CS15B043,CH2061
CS15B044,CH2061
CS15B045,CH2061
CS15B046,PH3500
CS15B047,PH3500
CS15B048,PH3500
CS15B049,BT2012
CS15B050,CH2061
CS15B051,BT2030
CS15B052,PH3500
CS15B053,PH3500
CS15B054,CH2061
CS15B056,PH3500
CS15B057,CH2061
CS15B058,EP3200
CS15B059,CH2061
CS15B061,PH3500
EE15B011,PH3500
EE15B014,EP3200
EE15B015,EP3200
EE15B020,EP3200
EE15B022,EP3200
EE15B024,PH3500
EE15B025,EE4371
EE15B033,PH3500
EE15B038,PH3500
EE15B042,EP3200
EE15B043,PH3500
EE15B049,PH3500
EE15B050,PH3500
EE15B052,EE4371
EE15B060,PH3500
EE15B062,PH3500
EE15B064,PH3500
EE15B065,PH3500
EE15B069,EE4371
EE15B074,EE4371
EE15B080,PH3500
EE15B081,BT2012
EE15B082,EP3200
EE15B083,PH3500
EE15B084,BT2010
EE15B085,EE4371
EE15B086,BT2012
EE15B088,PH3500
EE15B089,BT2012
EE15B090,PH3500
EE15B091,EE4371
EE15B092,EE4371
EE15B093,EP3200
EE15B094,EE4371
EE15B096,EE4371
EE15B098,PH3500
EE15B099,BT1022
EE15B100,PH3500
EE15B101,EP3200
EE15B102,BT2012
EE15B103,PH3500
EE15B104,BT2012
EE15B105,EE4371
EE15B106,PH3500
EE15B108,BT2012
EE15B113,EE4371
EE15B115,PH3500
EE15B119,BT2010
EE15B120,EE3301
EE15B123,EE4371
EE15B124,EE4371
EE15B125,EE4371
EE15B127,EE4371
EE15B129,EE4371
EE15B130,EE4371
EE15B132,EP3200
EE15B134,EE4371
